84957,er
80709,in
79942,es
64978,ti
59396,on
55511,te
52982,at
50499,re
50163,an
50015,is
48921,al
48238,en
45265,ri
44161,ra
44057,st
43057,li
42321,le
42267,ne
42028,ic
41309,ng
39775,ar
39443,ed
39173,ro
37070,nt
35701,or
33855,se
33439,ing
32166,it
31754,un
30776,la
30599,co
28808,io
28187,ni
28122,de
27721,ss
27714,ca
26685,to
26313,ta
25636,tr
25557,ch
24914,ia
24511,el
24492,ma
24430,he
24423,no
24367,di
24188,me
24157,lo
23809,ou
23474,as
23209,ll
23184,ol
22965,et
22952,mi
22874,si
22857,us
22438,na
22204,ns
22093,ph
22088,ac
21854,pe
21753,ly
21604,ve
21408,ie
21137,om
20857,th
20537,ho
20440,il
20270,ess
19960,os
19926,ati
19855,op
19360,hi
19203,ion
18908,ea
18893,nd
18502,rs
18206,ce
18110,ha
18055,pr
17931,nes
17893,ter
17698,ur
17242,id
17090,ul
16550,ec
16530,nc
16320,ot
16091,po
15947,em
15853,tio
15793,pa
15735,ab
15662,mo
15182,ge
14733,sh
14660,ci
14620,bl
14525,am
13900,ent
13790,ate
13739,og
13654,oc
13216,ap
13187,pi
12970,su
12949,ers
12721,ct
12580,bi
12226,sa
12124,sc
12083,ad
11947,ut
11783,ist
11650,ous
11511,be
11294,tic
11213,ba
11198,gi
11191,ts
11137,iz
11121,ies
11082,so
10916,um
10816,sp
10779,cr
10772,do
10740,ep
10724,ag
10661,rt
10499,im
10458,ica
10369,ant
10308,da
10289,ine
10170,ke
10129,oo
10081,per
10002,iv
9925,hy
9852,sm
9751,ee
9742,ses
9721,ga
9650,od
9502,ali
9493,gr
9459,ir
9324,tin
9317,cal
9293,eri
9286,cu
9283,ck
9243,ble
9201,bo
9200,all
9114,tu
9101,ver
9053,pl
8964,ig
8963,fi
8874,non
8843,ip
8806,ai
8764,mp
8641,vi
8607,ons
8584,ry
8292,ze
8289,ty
8277,lu
8158,ov
8109,rm
8014,lin
7897,tra
7872,res
7850,pre
7701,abl
7663,con
7657,iti
7650,br
7647,tt
7582,nti
7574,est
7541,ru
7521,ene
7511,ob
7431,if
7425,nte
7296,qu
7243,rd
7220,tri
7218,sti
7173,ted
7145,rc
7120,oni
7086,rr
7081,oi
7056,au
7047,men
7036,ae
6984,rat
6894,fo
6893,ise
6852,lit
6818,pro
6775,sse
6765,ite
6726,ive
6716,gl
6714,rin
6684,ism
6665,eo
6613,up
6607,fe
6557,ub
6554,ove
6552,ki
6551,ste
6514,ari
6503,tor
6503,oph
6469,cl
6459,ize
6437,les
6428,wa
6410,dr
6385,ex
6379,pho
6351,lat
6323,the
6294,va
6261,der
6258,go
6152,ow
6074,era
6069,lis
6035,ili
5988,bu
5980,ran
5968,dis
5967,nde
5915,str
5914,gra
5903,ere
5818,int
5779,uc
5718,her
5676,ast
5656,ei
5633,ib
5607,pt
5603,olo
5598,eu
5571,ps
5505,mat
5497,mb
5453,tes
5443,lly
5440,min
5427,rn
5422,log
5402,ect
5390,man
5389,tro
5353,eg
5310,nis
5308,ui
5296,ato
5283,ua
5274,ona
5259,mu
5242,ero
5232,fl
5204,ian
5169,one
5161,ric
5107,hr
5092,chi
5074,ani
5025,ina
4999,ls
4998,ris
4985,nn
4969,and
4955,und
4926,ome
4914,che
4914,red
4910,ell
4903,ds
4886,tiv
4884,ria
4879,ori
4878,sta
4854,rop
4849,gs
4812,gu
4806,yl
4794,pu
4781,ys
4773,fu
4759,nce
4749,ill
4726,fa
4693,yp
4692,ef
4683,met
4675,ms
4672,wi
4652,we
4645,ula
4637,oa
4634,lt
4633,ud
4623,cti
4606,pp
4554,cat
4536,ish
4532,nat
4518,ial
4494,tis
4449,emi
4444,rp
4441,mm
4425,mis
4423,sl
4419,nal
4393,ide
4386,ity
4363,par
4362,ue
4356,rap
4352,wo
4334,rea
4333,ele
4308,du
4306,ini
4284,phi
4280,lli
4250,ost
4246,av
4233,cha
4194,sin
4185,ev
4168,cy
4133,ak
4133,rac
4118,for
4116,ngs
4115,rg
4095,gen
4039,aph
4039,tal
4038,sto
4030,oli
4020,ff
4008,tl
4007,rb
3996,len
3985,nu
3984,nf
3966,com
3956,oma
3940,eli
3930,rec
3905,eb
3904,gh
3901,lan
3895,anc
3891,car
3862,nic
3855,mon
3839,enc
3830,tat
3824,ten
3789,sy
3784,lar
3782,nta
3771,erm
3738,ete
3730,out
3719,ici
3700,tie
3688,nin
3685,ace
3673,ros
3673,ard
3664,sub
3652,hu
3630,rie
3614,oe
3588,fr
3587,unc
3581,sn
3570,ara
3561,lle
3557,rit
3552,art
3534,eni
3534,dl
3532,rou
3517,eti
3517,mic
3508,ore
3507,ort
3487,shi
3485,ogi
3476,ral
3475,end
3470,cul
3452,pha
3441,ron
3440,gn
3434,ont
3431,lic
3428,ans
3420,ay
3415,rl
3403,din
3402,za
3397,ang
3396,ins
3393,pla
3363,ier
3362,bil
3345,cho
3345,tom
3331,act
3326,tur
3284,ka
3268,lla
3259,kin
3256,cro
3254,ath
3253,ht
3244,led
3222,my
3219,hin
3219,ssi
3215,rom
3213,sis
3205,ler
3195,ens
3186,ik
3181,ks
3173,ner
3172,ndi
3168,etr
3158,tte
3158,zi
3151,unt
3151,age
3147,vo
3132,nit
3117,ld
3112,ew
3107,ure
3104,ita
3103,ass
3101,las
3097,ser
3091,tho
3090,ug
3088,des
3088,tan
3087,hor
3077,mer
3047,ret
3045,oto
3035,ach
3029,hal
3029,ono
2992,ida
2976,ym
2970,ack
2954,oid
2945,sed
2940,oun
2938,liz
2937,ngl
2929,ton
2928,ogr
2928,ora
2927,phy
2926,cc
2926,sup
2925,yc
2917,den
2909,nk
2907,ven
2907,sts
2905,yn
2904,osi
2872,erc
2869,of
2865,uns
2862,uri
2862,af
2860,ind
2857,ntr
2852,dia
2851,pin
2834,cor
2831,har
2827,abi
2822,omi
2809,ren
2809,rot
2801,pol
2793,gg
2789,han
2787,yt
2784,ose
2771,np
2752,cen
2748,ino
2744,nco
2743,isi
2743,nia
2743,qui
2740,pos
2736,ale
2735,ber
2733,sco
2718,xi
2715,ana
2708,ain
2697,hea
2696,eme
2684,roc
2682,ala
2680,idi
2671,ya
2668,ami
2662,aw
2661,col
2659,she
2658,nch
2657,rk
2641,upe
2639,ger
2636,tar
2634,ear
2624,iu
2616,ker
2615,rh
2613,nge
2611,ox
2602,eno
2600,ert
2599,thi
2593,por
2591,hro
2588,orm
2576,ram
2576,rti
2567,iat
2556,tre
2554,ole
2538,sk
2538,bra
2535,arc
2528,yr
2504,ema
2499,llo
2499,ors
2499,spe
2484,tc
2482,esi
2473,eta
2468,ree
2468,tab
2465,ok
2453,dd
2447,can
2443,ple
2441,cou
2437,rep
2436,inc
2431,edi
2430,ful
2429,sem
2422,eco
2419,ond
2419,pen
2409,ey
2407,isa
2401,tel
2399,onc
2395,hes
2395,nts
2391,gy
2389,eat
2387,ura
2382,ane
2380,ifi
2375,ces
2369,zo
2368,dro
2356,mor
2353,fer
2351,are
2350,sio
2343,iou
2342,mar
2333,sne
2331,hip
2323,hyp
2316,dy
2314,gly
2312,pat
2311,nth
2307,ead
2307,oth
2306,ye
2302,ame
2290,nr
2289,lia
2281,iza
2279,err
2278,cra
2278,ned
2256,ras
2256,rch
2253,ely
2238,dic
2234,hl
2233,ult
2231,igh
2219,vel
2218,let
2216,ick
2207,qua
2207,sit
2205,wor
2203,oti
2196,ata
2195,adi
2194,cer
2187,ias
2184,py
2179,bb
2179,ile
2177,ght
2175,phe
2172,cop
2172,cto
2166,zin
2166,ock
2165,emo
2165,nv
2165,ade
2160,ern
2160,obi
2160,oge
2156,yo
2155,hob
2153,sat
2151,lec
2150,rv
2149,hol
2147,cin
2137,ust
2133,uni
2131,ny
2129,gin
2126,rid
2125,omo
2120,ope
2112,isc
2107,lac
2103,rma
2092,imp
2087,use
2078,ike
2077,hil
2074,thr
2074,ium
2073,oll
2066,hic
2059,mal
2049,tch
2048,ith
2039,dn
2038,top
2038,niz
2038,rad
2036,ary
2035,tia
2035,bs
2021,pan
2018,tit
2015,rio
2012,ola
2006,az
2005,nar
1999,que
1996,wh
1994,hon
1992,sen
1989,ded
1989,ett
1986,nsi
1986,app
1985,nl
1984,rem
1982,rf
1981,ano
1980,zed
1978,ong
1975,ah
1975,ico
1974,ote
1973,oly
1973,our
1971,yi
1969,pti
1966,och
1957,rol
1956,att
1955,hem
1954,alo
1944,cre
1944,aci
1938,pri
1937,ime
1937,spi
1931,net
1928,oro
1925,ena
1923,lor
1922,dec
1921,opi
1912,eth
1902,ja
1899,zat
1899,rab
1898,rel
1896,lie
1896,omp
1896,ood
1894,iss
1893,yd
1890,odi
1889,ela
1884,sw
1882,cke
1869,hen
1869,sel
1866,sms
1863,dne
1863,bar
1862,epi
1861,til
1859,asi
1858,sha
1855,lea
1844,cia
1843,eh
1843,nm
1839,lik
1836,sal
1828,spo
1826,uti
1818,his
1814,fic
1807,rre
1806,mit
1806,rog
1802,los
1800,nci
1799,eph
1798,riz
1794,gis
1794,pal
1789,ju
1785,arr
1782,cri
1782,lp
1780,scr
1778,pic
1774,oca
1773,lf
1772,rai
1769,cle
1767,sca
1763,erp
1762,ase
1760,nne
1751,nto
1746,lm
1742,mes
1741,opo
1728,hed
1727,roo
1720,tle
1719,war
1719,ice
1718,amp
1712,nos
1711,ode
1707,nom
1703,una
1701,nst
1694,gic
1693,chr
1693,rth
1692,eal
1689,nb
1688,bro
1687,ft
1684,iso
1682,unp
1682,win
1680,hs
1679,ich
1671,ake
1668,mas
1665,tha
1665,ire
1661,nh
1658,ped
1649,ese
1644,rdi
1644,atr
1644,aut
1643,eve
1642,rmi
1642,rte
1639,nse
1638,cs
1637,sur
1635,cla
1635,eas
1632,hel
1630,sly
1629,ail
1625,bal
1624,esc
1619,ein
1619,lc
1619,loc
1616,rer
1614,mel
1613,dae
1612,rag
1609,izi
1609,son
1600,ax
1599,xe
1598,ges
1597,ivi
1597,lou
1596,ept
1595,ave
1593,ype
1588,tol
1588,usn
1588,hot
1587,ama
1585,med
1584,mul
1579,rus
1573,rse
1569,kl
1569,ko
1569,lam
1568,rri
1562,ann
1561,ibl
1561,bac
1557,oss
1556,ppe
1554,tru
1549,sol
1545,sch
1540,cur
1537,erl
1534,bri
1528,low
1528,ars
1524,gal
1513,cit
1512,cks
1512,ery
1512,tw
1510,dra
1509,tim
1506,acc
1505,erv
1501,ien
1499,nda
1493,ean
1490,cep
1487,ref
1487,sia
1485,gat
1484,tti
1482,erb
1482,sce
1481,som
1475,dit
1474,lig
1470,edn
1470,osp
1469,cis
1468,tos
1468,ln
1463,emp
1462,eur
1462,ito
1461,icu
1459,elo
1459,ima
1458,oot
1455,ord
1453,oy
1452,lon
1447,san
1445,ull
1445,orn
1444,lum
1443,imi
1440,usl
1440,uto
1439,dem
1439,hyd
1438,xt
1437,ory
1436,ndo
1436,ash
1433,erg
1433,ngi
1432,spa
1429,ede
1427,ual
1424,ech
1422,het
1421,sho
1420,hn
1420,zes
1418,dle
1415,pit
1414,je
1414,orp
1413,mpe
1413,odo
1411,eou
1411,als
1410,bly
1408,rim
1404,lop
1403,jo
1402,itt
1402,lab
1401,nou
1399,une
1392,nop
1391,agi
1388,ute
1388,icr
1386,don
1384,dio
1382,sor
1379,uli
1379,aro
1378,gan
1375,oco
1374,opa
1371,ila
1369,vin
1367,eed
1365,cap
1363,ves
1362,nan
1361,wn
1359,ung
1358,eci
1357,fie
1352,mou
1352,bla
1351,dg
1350,mme
1349,cel
1348,amb
1347,nre
1341,gre
1336,lti
1335,yst
1335,lio
1332,uro
1332,lot
1331,eca
1331,lne
1330,yin
1330,osc
1329,mil
1329,pli
1326,sul
1325,dom
1325,lus
1324,fla
1324,oce
1323,thy
1323,bli
1322,mac
1315,ota
1314,toc
1314,usi
1314,xa
1314,reg
1314,rei
1312,ban
1308,bia
1306,del
1304,fin
1304,oh
1303,ydr
1303,ied
1303,arb
1301,inf
1300,hom
1300,neu
1299,ics
1298,erf
1298,uf
1298,rig
1296,vis
1294,orr
1290,lv
1290,hie
1290,iol
1290,bit
1289,val
1289,aco
1289,rip
1287,dly
1285,ega
1284,pse
1283,apo
1280,tem
1280,hoo
1277,nsu
1276,ext
1274,unr
1273,uo
1272,omy
1270,pon
1268,gon
1265,tif
1265,mia
1264,eto
1262,siv
1261,tiz
1256,rif
1255,not
1255,bel
1254,cie
1252,hou
1252,sci
1251,nni
1251,tai
1250,gle
1250,ril
1248,omm
1247,ign
1247,bre
1243,atu
1242,sq
1242,itu
1242,bin
1242,cas
1240,pec
1240,bat
1236,ndr
1235,tac
1234,squ
1232,tas
1231,rni
1229,cos
1226,bes
1224,air
1223,eud
1222,ogy
1218,cli
1216,hyl
1213,arm
1210,bul
1208,amm
1206,oin
1205,ilo
1205,iri
1202,ntl
1200,pul
1199,cea
1199,obe
1198,isp
1197,umb
1196,nor
1194,dal
1192,erd
1191,dri
1191,lk
1191,acr
1190,rev
1189,mn
1188,een
1188,ked
1186,cid
1182,die
1181,mpl
1180,gne
1179,emb
1179,gar
1177,nab
1173,clo
1172,owe
1172,rod
1170,hm
1169,sil
1167,tly
1166,mid
1166,nac
1163,sid
1162,coc
1161,nol
1161,sma
1159,duc
1159,lim
1158,lem
1158,pie
1156,amo
1155,glo
1154,pis
1153,hos
1149,rmo
1148,avi
1147,nas
1144,row
1139,xp
1138,rw
1136,onf
1135,fra
1135,pra
1132,pet
1130,edl
1130,ape
1129,ngu
1128,rme
1126,ict
1124,eq
1123,mot
1121,cte
1118,ctr
1118,fis
1117,otr
1115,cta
1115,exp
1115,tm
1114,ets
1114,bio
1113,sph
1111,yg
1111,ott
1110,seu
1109,vit
1108,flo
1108,ssa
1107,hop
1107,rge
1106,ife
1104,old
1104,rco
1103,nw
1101,udo
1101,syn
1100,uct
1099,uin
1099,equ
1098,ws
1097,pot
1097,rra
1096,ily
1096,rna
1094,iva
1094,bas
1094,sic
1092,rde
1092,aff
1090,leg
1090,ork
1089,tid
1089,iac
1088,rob
1084,arg
1083,pte
1082,eso
1081,dat
1081,ifo
1081,mpa
1078,fy
1072,dea
1072,rne
1071,ago
1071,bor
1069,gm
1068,ged
1068,mph
1067,alt
1067,rph
1066,ule
1063,bur
1062,lid
1061,plo
1057,opl
1057,pas
1055,unf
1054,itr
1054,sec
1050,gie
1050,nel
1047,dan
1047,lg
1042,tou
1041,utt
1041,lut
1041,own
1039,epr
1039,noc
1038,aca
1036,lif
1035,ibi
1029,ncy
1029,scu
1025,kn
1024,evi
1023,uck
1023,nds
1021,ank
1017,ink
1016,pel
1015,urs
1015,ush
1015,fle
1015,rib
1014,epa
1014,mol
1013,ben
1010,ffe
1010,hia
1006,tog
1006,ums
1006,sar
1004,ek
1003,gro
1002,rli
1002,ark
1001,stu
1000,mag
1000,rum
996,wer
996,ypo
995,esp
994,agg
992,tee
991,unb
991,nie
991,rsi
990,wr
987,oz
986,abo
983,ugh
983,ix
982,ece
982,sso
981,reb
980,ffi
977,pod
976,try
976,ipp
975,chl
975,ume
975,rcu
973,bol
971,uth
970,eac
968,woo
967,tn
964,ulo
964,oso
963,enn
963,rro
961,cio
961,hit
960,ctu
960,pto
959,opt
958,ced
957,tyl
957,vol
956,vat
955,def
954,reo
954,api
952,xo
952,lag
952,mpo
951,flu
950,cum
949,sop
948,uff
945,xy
944,roi
943,mos
942,umi
942,ump
941,lb
941,nam
940,olu
939,iga
939,asc
938,udi
938,aki
938,rsh
937,wee
936,tea
936,tag
934,lip
933,ecu
932,nif
930,hee
929,cki
928,tf
928,gas
927,ham
925,eer
925,gge
925,llu
923,ysi
922,ira
922,ado
921,mus
918,nve
917,rds
916,fac
915,imm
914,dep
913,npr
912,hag
911,bic
909,rbo
907,unm
907,zer
906,ips
906,rav
905,inn
905,rta
904,tam
903,dge
903,uit
900,bed
898,ych
897,lep
896,cot
896,uma
896,oxi
896,pir
895,ook
894,tua
893,ido
892,onv
891,urn
890,ada
888,cus
888,roa
886,smo
885,pil
884,ige
884,pac
881,loo
881,nid
881,osa
881,ski
881,bon
880,nca
879,aur
878,omb
878,ool
877,ios
875,uta
875,whi
873,oon
871,zz
871,hum
871,rst
869,alc
868,mak
866,ndu
865,mbe
865,ppi
864,rce
863,van
863,rgi
862,has
861,typ
860,dor
860,eab
860,bea
859,ify
859,nso
857,els
857,ops
857,bus
856,uts
856,gui
854,aga
853,ky
852,epe
852,esh
852,hys
852,soc
851,riv
848,gam
848,mmi
847,mbo
846,uch
844,ees
843,hab
842,dar
842,eis
842,nap
842,nem
841,ipe
840,hri
839,eae
839,eck
839,opp
838,gia
838,mma
836,tot
835,pur
835,arl
834,nec
834,bou
833,sab
831,uat
831,lad
831,oci
830,tet
830,chy
830,nga
829,gri
829,oga
829,ois
829,arp
829,cam
826,tec
826,nea
826,oke
824,pop
823,onp
823,rbi
822,ket
821,nsa
821,nsp
821,sig
821,blo
819,yli
818,urr
818,alm
815,kle
815,rov
814,gue
813,mie
812,gli
812,nio
811,atc
809,nog
809,pyr
808,ylo
808,lde
807,tne
807,tta
806,uis
806,uk
806,hat
806,arn
805,lys
803,irr
803,ruc
800,tig
800,oar
799,nsh
798,efi
798,pes
797,sib
796,wis
795,lph
795,rga
794,ocr
792,cut
791,cru
791,by
791,mbr
790,eng
790,spr
789,nen
789,onn
788,lom
788,ocy
788,rba
786,hlo
785,epo
785,oba
784,yro
784,ids
783,iph
783,add
782,aba
781,ebr
780,tip
780,phr
779,ceo
777,lls
777,boa
776,nna
774,wl
774,pea
774,sth
773,iot
773,boo
772,hyt
772,aft
772,tap
770,ckl
769,leu
769,ony
768,gel
767,coa
767,yll
767,oat
766,eep
765,gla
765,mun
765,psy
765,sea
765,but
763,dol
763,geo
761,ovi
761,ava
760,tli
760,gna
759,eol
759,fre
756,nex
754,erw
754,iro
752,nct
751,ken
750,urg
750,gul
750,mod
749,uar
749,nim
749,off
746,fil
745,cet
744,dow
744,lai
741,imo
740,dre
740,eva
739,ude
739,ulp
739,dm
739,aln
739,sac
738,ecr
738,iar
737,apa
736,ku
736,iop
736,agr
735,efu
734,rle
734,rve
733,ipa
733,oct
732,sim
730,neo
729,iff
728,loi
727,hio
726,yb
725,ibe
721,egi
721,sli
720,doc
719,uss
718,hth
717,sty
716,ais
716,aus
715,hir
715,igi
715,mbl
715,apt
714,yto
714,mba
713,cil
713,vic
713,abb
712,hae
711,elf
711,oug
710,orc
708,tib
707,cry
707,psi
706,ggi
706,oof
706,ats
706,sla
705,smi
704,ubs
704,xc
704,yle
703,eop
703,sie
702,tb
702,ngo
701,eel
701,mbi
700,yth
700,org
698,kie
698,aun
693,git
693,lob
693,nke
691,inu
691,nfe
690,eda
690,edo
690,aly
690,spl
688,nz
687,dul
687,eak
687,lte
686,eet
686,leo
686,agn
685,ads
683,cyt
683,way
683,iab
683,irc
681,cir
681,exi
681,adr
679,vil
679,nfo
679,ngr
677,ues
677,rar
677,rpo
676,iq
676,set
675,tum
675,wel
675,fri
675,mpr
674,chu
674,lib
674,alu
673,exc
673,kh
672,ebo
672,mmo
672,ocu
672,syc
670,exa
670,fro
670,occ
670,acu
670,run
670,cab
669,div
669,nag
668,eam
668,ibr
668,noi
668,plu
667,ddl
667,pn
666,unn
666,mpi
666,oxy
666,axi
664,rci
663,rew
662,toi
662,dou
662,ji
662,nj
662,imb
661,var
661,nme
660,cip
660,inv
660,pid
658,sf
658,nfi
658,asp
657,dos
656,egr
656,ipl
656,raf
655,hne
655,nli
654,tto
653,uil
653,ii
653,nsc
653,opr
652,yan
652,onr
652,rvi
651,det
650,lay
649,ubl
649,lap
648,heo
647,oda
647,riu
647,sep
646,edu
646,lae
646,nad
646,obl
646,rrh
645,dip
645,oom
644,dw
643,aps
643,rso
639,wat
639,abe
638,gua
637,alk
635,ez
633,yri
633,iqu
632,sb
632,lve
632,mop
632,bir
631,fol
630,ubi
630,yla
629,pou
629,rof
627,wit
626,hec
625,umm
624,ipo
624,lau
624,ncr
622,asm
621,ege
621,hap
619,ske
618,hra
618,rpe
617,unh
617,oad
616,ymp
615,coe
614,gio
614,gni
614,yph
613,dde
611,dh
611,ird
610,wal
610,mea
609,rca
609,reh
608,rhe
607,dif
607,itc
607,lee
605,ewa
605,ntu
604,oul
604,aul
603,poi
602,uen
600,dli
600,efe
599,ube
599,gor
598,eba
598,hur
596,ttl
596,oty
596,ror
595,hre
594,bt
594,ycl
594,ncl
593,eut
593,wea
593,ows
592,oos
592,orb
592,ots
591,enu
591,its
591,ays
590,ved
590,fli
590,rsa
589,hai
588,fs
587,uv
587,bst
586,uno
586,ltr
586,ncu
586,rke
585,dac
585,via
585,ndl
584,far
582,ths
582,ddi
582,eld
581,nq
581,hte
580,unl
580,fec
580,fir
580,gno
579,mai
578,evo
578,ngn
577,cyc
577,xtr
577,aer
576,vu
576,gma
576,mmu
576,rts
576,sau
576,sum
575,oil
575,bis
574,uci
574,dev
574,uls
574,upp
573,nae
572,ebe
572,pun
572,sle
572,sou
571,igr
570,ih
570,fus
570,nqu
569,yte
569,ody
569,bbe
568,tul
568,ait
566,ehe
566,put
566,bet
565,eig
564,dig
564,rho
564,shn
563,hid
562,utr
562,iet
562,nfl
562,nvi
561,unk
560,luc
560,lyc
558,dab
558,stl
557,dam
557,erh
557,ssn
555,foo
553,cog
553,idd
553,mpt
552,urb
552,zy
552,lex
551,edr
551,vir
551,zoo
551,iom
551,sme
550,ssu
549,thu
549,tun
549,tp
549,igo
548,nob
548,rva
547,uln
547,ipi
547,bbi
546,yme
546,hog
546,ils
546,ipt
546,ods
546,oop
545,kr
543,rha
542,teo
542,xes
542,nee
542,ams
542,sym
541,ugg
541,bd
541,ej
541,yna
541,swa
540,mog
540,nno
540,see
539,eum
539,aem
538,tus
538,hw
538,kes
537,fur
537,lei
537,opy
536,ppr
536,rry
536,bot
535,leb
534,pia
533,clu
532,ova
532,ald
531,tub
531,num
531,aso
530,unw
530,hod
530,lod
530,aud
528,ao
528,nki
527,coi
526,cco
526,chn
525,dog
525,hle
524,ubb
524,ppo
524,raw
524,abs
523,whe
523,rpr
522,cci
522,tz
522,ior
521,eru
521,cac
520,eye
520,obs
519,nig
519,cau
518,rbe
518,alg
517,nep
516,dop
516,moc
516,mut
514,azo
513,yco
513,sus
512,ecl
512,hau
512,anu
511,tir
511,urt
511,esu
511,lav
510,ego
510,eon
510,aq
510,ux
510,lue
509,exe
509,moo
509,oes
507,hus
506,tme
506,uba
505,ogn
504,twi
504,lyp
504,ppl
503,nod
502,dil
502,swe
501,lun
501,ogl
500,ewo
500,jec
500,lur
500,pta
500,cad
499,efo
499,hoc
499,pht
499,rda
498,elt
498,avo
497,asa
494,hei
493,ccu
493,oen
492,bbl
491,db
491,loa
490,vid
490,yti
487,too
486,tox
486,nfa
486,ogg
485,yne
484,was
484,miz
484,ray
483,fte
483,ild
483,owl
482,coo
482,hiz
482,kis
482,nma
482,nul
482,rau
481,bc
481,gil
481,rdo
480,ewi
480,dv
480,iel
480,nle
479,iog
478,cod
478,aj
478,gea
478,hym
477,cif
477,liv
477,rly
476,usc
476,rtu
475,uer
475,oor
475,shl
474,vas
474,nfr
474,ryo
473,ewe
471,get
470,diz
470,hun
470,ogo
470,slo
469,oan
468,ffl
467,dim
467,ols
466,wed
465,eff
465,obo
465,rys
464,mni
464,pap
464,bru
463,alp
462,ryp
461,fan
461,gos
461,mbu
460,igg
460,kil
460,nha
460,onm
459,jac
458,did
457,wom
457,hac
457,yma
457,agu
456,rhi
456,azi
455,fal
455,ift
454,wan
454,aug
453,uad
453,fun
453,ioc
453,mir
452,npe
451,tud
451,oac
450,bos
449,blu
448,ml
448,onl
446,epl
446,ggl
446,ibu
445,uan
445,efl
445,odu
444,diu
443,esa
443,fes
442,now
442,rks
442,awa
442,shr
441,ebu
441,gol
440,fel
440,yer
440,pag
440,rki
439,ypt
439,lyt
439,rae
438,uce
438,vul
438,kar
437,oq
437,adv
436,umo
436,uou
435,df
435,aqu
434,tfu
434,oki
433,irt
433,kel
432,uco
432,poc
432,rup
432,sex
431,tut
431,oqu
431,swi
430,enz
430,nhe
430,obb
430,aeo
429,uda
429,egu
429,eit
429,fen
429,lym
429,ney
429,poo
428,ups
428,lev
427,udd
427,sam
426,meg
426,npa
426,ouc
426,sna
425,nil
424,eho
424,fas
424,roe
423,vor
423,exo
423,pig
423,sai
422,gem
422,oel
422,sno
421,nfu
421,abr
420,uz
420,suc
419,kee
419,rul
419,aye
418,cht
418,mur
418,rub
418,aze
417,iod
417,opu
416,epu
416,yw
416,ldi
416,pai
416,aid
415,ciz
415,eds
414,aa
414,rut
413,tod
413,ubc
413,euc
413,got
412,cem
411,oic
410,hly
410,yra
410,mad
410,osm
410,pus
410,abu
409,glu
409,alv
408,usa
408,xin
407,cys
407,fou
407,hb
407,hex
407,irs
406,cce
406,owi
406,pne
405,ety
405,ilt
405,rto
404,upr
404,eus
404,ocl
403,efa
403,fat
403,igu
403,nut
402,dus
402,nai
401,ulf
401,vie
401,eor
401,hyr
401,oms
401,ozo
400,eos
400,nur
400,tax
397,fyi
397,ivo
397,niu
397,rgo
396,dyn
396,gur
396,zon
395,wri
395,bab
395,sif
394,hme
394,nus
394,pee
393,deb
392,rfe
391,gou
390,hig
390,onu
390,scl
389,upl
389,icl
388,yed
388,sap
387,cca
387,nuc
386,dys
385,voc
385,lw
385,mpu
385,neg
385,ogu
385,rla
384,eav
384,emu
383,esm
383,kw
383,xu
382,uid
381,uca
381,upt
381,eem
381,eot
381,kli
381,auc
380,tow
380,tg
380,nbe
380,rud
379,tma
379,pom
379,apl
379,syl
378,unv
378,kit
378,pip
378,adm
376,vag
376,eom
376,sg
376,yel
376,lme
375,ubt
374,fed
374,isl
374,lel
373,wd
373,ley
373,bun
372,dur
372,ibb
371,das
371,yce
371,iba
371,sua
370,kb
369,eys
369,xis
369,lub
369,ndy
368,sr
368,ltu
368,ohe
368,bie
367,dot
367,lma
367,sun
366,tep
366,kt
366,nip
365,hep
365,iev
365,swo
364,dee
364,elu
364,wil
363,teg
363,alb
363,rsu
363,ssl
362,udg
362,ulu
362,new
362,sag
361,uga
361,edg
361,eoc
361,kno
361,lmi
361,acy
360,doo
360,lca
360,myc
359,fib
359,moi
358,sei
358,bec
357,rpi
357,rtr
356,cup
356,sd
356,mec
356,oub
353,yno
353,myo
353,osu
352,zl
352,xte
352,amy
352,bod
351,fea
351,him
351,nym
350,vet
350,ymo
350,aes
350,buc
349,thm
349,cic
349,goo
349,rpa
348,vio
348,lh
347,dj
346,tyr
346,olt
346,asu
346,rwo
345,inh
345,key
345,ask
344,ucc
344,yu
344,nau
344,spu
343,apr
342,uel
342,eau
342,ebi
342,xpe
341,uet
341,lmo
341,oup
341,sip
340,two
340,hno
340,lco
339,cts
339,eog
339,bj
339,sot
339,bow
338,cya
338,gyn
338,yal
338,yse
338,nho
337,url
337,vab
337,irl
337,law
337,pad
337,bid
336,gab
336,yar
336,rru
336,beg
335,chm
335,eps
335,haw
335,ofi
335,rhy
335,ryn
335,tau
334,tak
333,twa
333,deo
333,dru
333,eny
333,zen
333,lud
333,nov
332,how
332,lva
332,rbu
332,sad
331,mem
330,uru
330,kal
330,orl
329,hib
328,cka
328,utc
328,fid
328,aka
328,rno
327,cov
327,wb
327,had
327,hts
327,rfi
326,hoe
326,lta
325,cty
325,urp
325,nmo
325,oet
324,eap
324,fit
324,lov
324,mig
323,imu
323,odd
323,rox
322,urc
322,fee
322,gir
322,ygo
322,hoi
322,iki
322,lew
322,obr
322,raz
322,bag
321,enl
321,ync
321,izo
321,nun
321,rns
321,bee
320,hf
320,gru
320,jud
320,olv
319,mf
319,ghe
319,izz
319,mom
319,phl
319,rlo
318,kat
317,aya
316,box
315,xid
315,iag
315,idu
315,mam
314,xic
314,lds
313,kan
312,ulc
312,etu
312,isu
312,oit
311,vou
311,osh
311,ppa
311,shm
311,cav
310,dir
310,efr
310,kab
310,ptu
310,rfu
309,dei
309,fru
309,zar
308,nwa
308,slu
307,edd
307,gus
307,hma
307,mim
307,bum
306,eek
306,igm
306,nva
305,yis
305,omn
305,rui
304,vac
304,km
304,xyl
304,rsp
304,rwa
303,wha
303,iam
302,rah
302,adu
300,lgi
300,mab
300,mip
300,npo
299,nyl
299,rpl
298,ucl
298,upi
298,eaf
298,xan
298,yng
297,oal
296,tei
296,cei
296,ubr
295,wai
295,fet
295,fig
294,thl
294,exu
294,yf
293,dai
293,enf
292,urd
292,luo
291,ulg
291,yz
291,hli
291,jun
291,nvo
290,bm
290,oya
290,rak
289,day
289,urv
289,elm
289,irm
289,isk
289,nei
289,aen
288,fia
288,sod
287,tob
287,cow
287,uir
287,dc
287,yre
287,pep
285,fai
285,nks
284,eha
284,erk
284,ffs
284,ntn
284,osy
283,dun
283,dum
283,gog
283,awn
282,coh
282,lsi
281,ynt
281,idg
281,obu
280,egg
280,zab
280,oer
280,phs
280,alf
280,boy
279,ipr
278,esq
278,yon
278,owa
278,rms
277,eid
277,pm
277,ypi
277,lpi
277,nla
277,pog
277,aed
277,ahs
276,chs
276,gt
276,nly
276,nnu
276,agl
275,urf
275,ews
275,yes
275,ymi
275,adj
274,cch
274,eag
274,eir
274,mps
274,niv
272,xer
272,gun
272,hti
272,lol
272,bse
271,cn
271,nbo
271,sos
270,cun
270,nny
269,emm
269,mob
269,tad
268,ued
268,wei
268,pb
268,td
267,dib
267,oj
267,hni
267,nav
267,oas
267,phu
267,pso
267,aea
267,aim
267,shu
265,gw
265,isf
265,liq
265,tae
264,uor
264,wag
264,wle
264,giz
264,zzl
264,ady
263,dag
263,dmi
263,ifl
263,oed
263,ofe
263,rex
263,sas
263,bib
262,deg
262,iec
262,nwo
262,pau
262,anl
261,uph
261,viv
261,yh
261,yop
261,nba
261,nju
260,wt
260,gum
260,lef
260,nef
260,nkl
260,arv
259,civ
259,wk
259,orh
259,pio
258,gib
258,neb
258,otu
257,toe
257,iid
257,isr
257,ius
257,lch
257,quo
256,eec
256,oxa
256,ryt
255,cub
255,dry
255,bh
255,kf
255,gom
255,inq
255,nsm
255,rfo
255,rok
255,ryl
254,cob
254,gb
254,gme
254,lci
254,muc
253,idl
253,kne
253,agm
253,amu
253,asy
253,sav
252,gyr
252,siz
251,owd
250,eup
250,reu
249,uas
249,dyl
249,elp
249,yni
249,lfi
248,onb
248,oru
248,aic
248,rtl
248,rug
248,aty
247,gga
247,zle
247,sog
246,twe
246,uge
246,eil
246,etc
246,jur
246,oec
246,axe
246,bai
245,dve
245,pf
245,yso
245,ilu
245,nbr
244,lge
244,oxe
244,sni
243,dp
243,pru
243,ahe
242,dod
242,usp
242,hp
242,lr
241,utb
241,zie
241,mud
241,poe
241,any
241,ayi
240,ckb
240,tst
240,ubo
240,deh
240,xpl
240,nri
239,ttr
239,utu
239,cq
239,lil
239,apu
239,arf
239,smu
238,teu
238,egl
238,vig
238,who
238,kk
238,lal
237,cqu
237,tup
237,uvi
237,bp
237,oud
237,pae
237,acl
236,fam
236,hyo
236,iap
236,lul
236,lvi
236,sui
235,upa
235,rj
235,icy
235,loq
234,cib
234,ubm
234,hwa
233,yx
233,zu
233,ibo
233,kha
233,mio
233,pub
233,rbr
233,rdl
233,rix
232,ury
232,isb
232,odl
232,pow
232,aha
232,sir
232,boi
231,dst
231,mne
231,rmu
230,dua
230,fem
230,wns
230,xia
229,dgi
229,utl
229,wne
229,xen
229,hak
229,igl
229,noe
229,rcl
229,awl
229,bom
228,dwa
228,fly
228,hry
228,nsl
228,adl
227,wes
227,fts
227,zan
227,ixe
227,jus
227,ohy
227,onh
226,xh
226,nro
226,nua
226,req
226,suf
225,ubd
225,nbu
225,nra
225,rfa
225,aet
225,aws
224,tsh
224,uic
224,gid
224,loy
224,pst
223,hoa
223,ims
223,ska
223,bje
222,gai
222,gau
222,mif
222,npl
222,onj
222,oys
222,rik
222,stm
221,ecc
221,itl
221,onk
221,rgr
221,afe
220,pw
220,rej
219,usk
219,ipu
219,isg
219,kas
219,rgu
219,big
218,tex
218,god
218,hif
218,iru
217,tla
216,iad
216,ioi
216,pno
215,fau
215,xed
215,lga
215,mov
215,myt
214,uy
214,nzo
214,acq
214,sew
213,ifu
213,zyg
213,joi
213,myr
212,dap
212,fti
212,ofl
211,ubp
211,utp
211,gad
211,nmi
211,nwi
211,aig
211,aum
211,aza
211,bba
210,wra
210,wre
210,goi
210,idn
210,atl
210,bef
209,lka
208,lki
208,rbl
208,bog
207,enr
207,gee
207,ief
206,toa
206,lak
206,otc
206,apy
206,aru
206,rue
205,dex
205,enh
205,rfl
204,ij
204,zol
204,nev
204,oks
204,pab
204,anh
204,rty
204,ryi
203,iw
203,inl
203,oft
203,bso
202,tty
202,tuo
202,umu
202,lui
201,utw
201,iy
201,hav
201,kon
201,sky
200,uld
200,bn
200,lke
200,oze
200,rdr
200,cai
199,uzz
199,wir
199,kp
199,jou
199,lth
199,odr
199,owb
199,awk
199,bob
198,eim
198,dt
198,kst
198,mno
198,saw
197,wm
197,wu
197,gha
197,ymb
197,isd
197,lbo
197,nsf
197,roh
197,rpu
196,eke
196,ggr
196,haf
196,mye
196,rym
195,dma
195,ffr
195,laz
195,amn
194,wf
194,gop
194,yot
194,leh
194,nlo
194,noo
194,bad
194,sob
194,cae
193,ckw
193,wli
193,ysa
193,moe
193,pay
193,seq
192,eez
192,xil
192,kni
192,lfu
192,lyz
192,psa
191,sv
191,vy
191,gut
191,ldo
191,mys
191,rcr
191,ags
190,cyl
190,fon
190,rq
190,wy
190,kma
190,liu
190,lug
190,nak
190,roy
190,awe
189,vap
188,hfu
188,nty
188,ogs
188,rey
188,rqu
188,rwi
188,bif
188,soo
187,fug
187,hut
187,lax
187,oho
187,rax
187,aks
186,fix
186,bf
186,uh
186,hmi
186,ypn
186,soi
185,thw
185,dew
185,env
185,xon
185,yde
185,oka
185,soa
184,thn
184,ebl
184,eic
184,eju
184,erj
184,pc
184,hyg
184,bug
184,sys
183,hru
183,ika
183,ilm
183,loe
183,saf
183,sug
182,voi
182,eod
182,jam
182,lyi
181,dox
181,urm
181,egm
181,epp
181,zoa
181,lto
181,lts
181,abd
181,stf
181,bud
180,dsh
180,eki
180,elv
180,rz
180,you
180,lbu
180,lpa
180,roz
180,rwe
180,axo
180,sev
179,uve
179,exh
179,lse
179,max
179,npu
179,bco
179,seg
179,bsc
178,ehy
178,ems
178,etl
178,iaz
178,idy
178,ngt
178,aux
178,bem
177,ckn
177,tok
177,bv
177,jug
177,mle
177,oog
176,chw
176,cim
176,dhe
176,ulm
176,unu
176,utf
176,vot
176,hc
176,jar
176,lyg
176,ovo
176,awi
176,azz
176,tba
175,tui
175,emn
175,xio
175,ymn
175,mix
174,mc
174,zoi
174,lfa
174,mna
174,rnu
173,ifa
173,maz
173,odg
173,oir
173,rur
173,ssy
172,ucu
172,dju
172,eex
172,hya
172,mau
172,nsy
171,uie
171,eiv
171,ffo
171,yos
171,olk
170,ccl
170,tsi
170,doe
170,itz
169,eev
169,hd
169,goe
169,yca
169,ngh
169,otl
168,deu
168,eze
168,ksh
168,olf
168,sre
167,ubu
167,fab
167,ffu
167,kir
167,mee
167,pup
167,seb
166,gag
166,lux
166,mae
166,taf
165,uke
165,dup
165,mr
165,yps
165,lst
165,luv
165,nsw
165,boc
164,gst
164,ilv
164,inb
164,ixi
164,oam
164,omu
164,adh
164,bdo
163,cky
163,yls
163,lba
163,lsh
163,bry
163,bsi
163,tav
162,vai
162,gd
162,ghi
162,jan
162,mum
162,rsc
162,atm
162,ryg
161,cko
161,wid
161,heb
161,iny
161,lbe
161,nka
161,oye
161,tah
160,doi
160,fum
160,wp
160,xim
160,hmo
160,nwe
159,wak
159,vr
159,gig
159,giv
159,yge
159,iew
159,kho
159,say
158,teb
158,eft
158,wab
158,xam
158,gho
158,hiv
158,ilk
158,kid
158,mok
158,aec
157,tfi
157,dau
157,eob
157,xpo
157,iae
157,bui
156,vei
156,feu
156,mah
156,owt
156,acs
156,cag
155,cui
155,irk
155,lda
155,nir
155,rgl
154,gf
154,gym
154,ygi
154,kam
154,kia
154,lya
154,nib
154,nyc
154,oko
154,orw
154,pei
153,cof
153,ulv
153,vea
153,icc
153,ohi
153,afi
153,ako
153,beh
152,dho
152,inw
152,nbl
152,ndb
152,obj
151,etw
151,hh
151,xpr
151,bak
150,dwo
150,zel
150,iur
150,zym
150,onw
150,rii
149,cne
149,ddy
149,ugi
149,wig
149,xce
149,hbo
149,kra
149,map
149,nhu
149,bew
148,uee
148,vey
148,foc
148,yk
148,hew
148,hwo
148,nze
148,ruf
147,fav
147,ybe
147,llb
147,ofa
146,duo
146,eio
146,xal
146,xua
146,hul
146,zze
146,lah
146,lks
145,ynd
145,ndw
145,nhi
145,obt
145,olp
145,aby
145,rvo
145,tbo
144,ckm
144,tmo
144,tym
144,fos
144,uj
144,xat
143,tew
143,dha
143,umn
143,eyi
143,gov
143,ypa
143,lir
143,nbi
143,pok
143,bte
142,ttu
142,uds
142,hev
142,idr
142,myl
142,ofo
142,pam
142,pum
142,aho
142,arw
141,ugu
141,unj
141,doa
141,enw
141,fei
141,jer
141,kol
141,llm
141,pug
141,sbe
140,tef
140,tiu
140,uam
140,usu
140,gae
140,zzi
140,kor
140,lfo
140,meo
140,pud
140,aup
140,ayl
139,chb
139,tsc
139,md
139,gaz
139,kai
139,mei
139,ply
139,ahi
139,anz
138,cyp
138,eei
138,fut
138,ybo
138,hov
138,lbi
138,lyo
138,may
137,ckh
137,cyn
137,ulk
137,dme
137,ffa
137,wni
137,won
137,yas
137,yba
137,hla
137,inj
137,isy
137,jum
137,lcu
136,thf
136,tof
136,uab
136,xac
136,gob
136,xtu
136,hay
136,rgy
136,sef
135,tuc
135,uip
135,vem
135,wif
135,yac
135,haz
135,heu
135,hyc
135,rtm
135,aym
135,bap
134,ubj
134,dwi
134,mt
134,ghs
134,yab
134,oha
133,tze
133,eia
133,wad
133,ygr
133,ymm
133,inm
133,lwo
133,oea
133,sey
133,sof
132,tse
132,tsu
132,mw
132,xti
132,ywo
132,kla
132,kwa
132,lce
132,mst
132,aik
132,ajo
132,sfu
132,stc
131,tsm
131,dad
131,dmo
131,wol
131,pd
131,xit
131,ilb
131,kna
130,ecy
130,nx
130,ypr
130,ihe
130,lwa
130,ndm
130,nik
130,pim
130,pyl
130,bau
130,bby
129,dob
129,esk
129,wie
129,hyn
129,zot
129,npi
129,peg
129,bip
128,ckf
128,toz
128,esy
128,gap
128,goa
128,irg
128,oak
128,oum
127,utg
127,xci
127,xs
127,hok
127,kto
127,mli
127,ndf
127,njo
127,oem
127,orf
127,pav
127,pik
127,sfo
127,tay
126,tsp
126,tuf
126,uty
126,elc
126,ieg
126,iob
126,ngb
126,nje
126,nub
126,oxo
126,ppy
126,rdu
126,agy
126,sow
126,stp
126,sue
125,tik
125,ucr
125,utd
125,lsa
125,lyb
125,nof
125,agh
124,dda
124,urk
124,wic
124,ydo
124,nhy
124,rya
124,snu
124,taw
123,tpr
123,dyi
123,wro
123,yda
123,yga
123,htl
123,imn
123,jet
123,lyn
123,psu
123,ptr
123,rek
123,rnm
123,sba
122,ubf
122,vib
122,viz
122,wav
122,tj
122,yci
122,hiu
122,yog
122,yol
122,lpe
122,nmu
122,rka
122,ssm
122,stn
121,chp
121,tsa
121,eje
121,ezi
121,icn
121,nru
121,psh
120,ckt
120,giu
120,iya
120,kro
120,myx
120,ael
119,ckp
119,dba
119,anq
118,uai
118,uki
118,uso
118,vau
118,eif
118,eya
118,gmo
118,ysh
118,lty
118,miu
118,oap
118,ooi
118,ozi
118,bde
118,shy
117,cef
117,cly
117,vec
117,veg
117,eun
117,wen
117,oag
117,paw
117,peo
117,tco
116,tzi
116,ugl
116,huc
116,hug
116,kag
116,lup
116,ntw
116,ofu
116,pif
116,btr
115,tov
115,uac
115,ubv
115,euk
115,yea
115,jig
115,kos
115,neq
115,nky
115,sfe
115,sfi
115,bep
115,bop
115,cak
114,unq
114,dso
114,due
114,vad
114,egn
114,tv
114,goc
114,yom
114,jin
114,lso
114,axa
113,cym
113,uea
113,dsm
113,eug
113,hg
113,xcu
113,gei
113,xpa
113,iks
113,ioe
113,zza
113,lho
113,rsl
113,bay
113,tbr
113,caf
112,tso
112,eeb
112,enm
112,yak
112,jes
112,kad
112,kic
112,kul
112,lua
112,olc
112,ooc
112,oyl
112,bbo
111,cuc
111,dov
111,yze
111,igs
111,kwo
111,mbs
111,pty
111,rao
110,uot
110,uxi
110,wc
110,ww
110,ywa
110,jas
110,kim
110,nja
110,nya
110,oje
110,ooz
110,rct
110,shw
109,dbo
109,ebb
109,enb
109,bg
109,hik
109,zop
109,job
109,jol
109,joy
109,mug
109,nox
109,nza
109,rps
109,bim
108,tge
108,upb
108,eoi
108,fog
108,xie
108,heg
108,iko
108,mew
108,oyi
108,roj
107,toh
107,uiv
107,esl
107,yor
107,jor
107,rld
107,sde
107,seo
107,tca
106,eof
106,wam
106,fad
106,bw
106,kc
106,kd
106,tk
106,gim
106,xop
106,xor
106,zil
106,ihi
106,kou
106,kyl
106,lox
106,lpo
106,ntm
106,pma
105,owm
105,ppu
105,aub
105,bam
105,syp
104,ciu
104,dah
104,web
104,foi
104,yoc
104,kri
104,lhe
104,msh
104,naf
104,ngy
104,nwr
104,rkl
104,ayo
104,bdi
104,bei
104,ssh
104,sut
103,dfi
103,ejo
103,hk
103,mv
103,pg
103,uu
103,xec
103,kbo
103,kly
103,ldr
103,mpy
103,nph
103,arh
102,tfo
102,cud
102,dub
102,eef
102,kem
102,pme
102,ahu
102,aml
101,tih
101,ugs
101,eja
101,qa
101,yta
101,hua
101,khe
101,kop
101,llf
101,llw
101,lyr
101,ndh
101,ngw
101,noa
101,nud
101,oie
101,pyo
101,sud
100,daw
100,dvi
100,esb
100,mh
100,xem
100,ggy
100,ytr
100,htf
100,lgo
100,maj
100,omf
100,peu
100,afa
100,aja
100,rls
100,bah
100,shb
100,syr
99,tpo
99,dca
99,dla
99,uod
99,wse
99,ixt
99,kum
99,mih
99,ouk
99,owf
99,adw
99,anf
99,sko
99,sov
98,dfu
98,uia
98,utm
98,dym
98,wax
98,gp
98,yho
98,kew
98,kur
98,oei
98,sgr
98,sht
97,tts
97,tyc
97,uag
97,eiz
97,elb
97,ysp
97,iin
97,oeb
97,rsw
97,scy
97,sku
97,bub
96,pk
96,sj
96,ybr
96,ihy
96,irn
96,jon
96,nsk
96,olm
95,tfa
95,vow
95,exs
95,inp
95,irp
95,isn
95,kep
95,naw
95,naz
95,nuf
95,owp
95,rua
95,ryc
95,ayb
94,ulb
94,ghb
94,gth
94,itm
94,kip
94,nlu
94,owh
94,pts
94,ssb
93,cec
93,uiz
93,yct
93,lfe
93,nry
93,osk
93,raj
93,rdy
93,awb
93,sbo
92,ckr
92,cua
92,dik
92,ewh
92,vv
92,yrr
92,yxo
92,joc
92,nah
92,ntg
92,rfr
92,auf
92,bha
92,buf
91,tga
91,upu
91,gbo
91,isq
91,keb
91,nue
91,owr
91,afo
91,atf
90,ubg
90,ugn
90,dwe
90,eka
90,dk
90,yen
90,ilg
90,klo
90,ndp
90,nui
90,ogm
90,ooe
90,piz
90,sak
90,sfa
90,bdu
90,ssw
89,xha
89,ysm
89,pew
89,pyg
89,rhu
89,aor
89,seh
89,stw
89,bve
88,tiq
88,ueb
88,ddo
88,dfa
88,dlo
88,upc
88,vip
88,wet
88,geb
88,gow
88,yet
88,ilf
88,ioa
88,jap
88,lha
88,llh
88,lyl
88,oeo
88,oep
88,puc
88,afr
88,arq
88,boe
88,sve
87,ctl
87,daz
87,ehi
87,esw
87,lz
87,gwo
87,yat
87,yhe
87,zit
87,lyd
87,nzi
87,ozz
87,pex
87,akh
87,bae
86,ccr
86,emy
86,gac
86,xur
86,yss
86,zor
86,kea
86,koo
86,ksi
86,meb
86,tdo
85,tpa
85,coy
85,wde
85,uq
85,xyg
85,yod
85,oov
85,oui
85,rmy
85,sbu
85,bca
84,tlo
84,edy
84,fta
84,xos
84,hba
84,yoi
84,iho
84,jag
84,jaw
84,lof
84,afl
84,atb
83,chc
83,vok
83,ewr
83,cd
83,yah
83,ldl
83,lro
83,adg
83,rgh
83,aku
83,anj
83,rpt
83,rtn
83,biu
83,bme
83,ssp
82,ceb
82,cew
82,dse
82,eaw
82,vex
82,ezz
82,xcl
82,xot
82,zia
82,jel
82,kre
82,loh
82,adb
82,atw
82,cah
81,tsw
81,umf
81,dva
81,edb
81,eks
81,etm
81,fox
81,wth
81,gef
81,xip
81,ieu
81,knu
81,lix
81,mmy
81,nsv
81,alw
81,asq
81,sgu
81,sks
81,tbu
80,cox
80,uak
80,uml
80,wau
80,wma
80,gif
80,iem
80,lms
80,mib
80,odw
80,opm
80,ozy
80,rtw
80,bju
80,stb
80,bti
80,byt
79,uko
79,vam
79,ehu
79,wbo
79,wou
79,yv
79,gey
79,yam
79,hta
79,zal
79,zem
79,mfo
79,ndn
79,nuo
79,nzy
79,ayw
79,tcr
78,cee
78,chf
78,toy
78,ugo
78,uos
78,dsi
78,elw
78,xag
78,gyp
78,hah
78,ixa
78,nyi
78,bmi
77,cuo
77,udl
77,elh
77,von
77,ilc
77,nkn
77,aal
77,rsm
77,ayn
77,bma
76,eaz
76,wim
76,fuc
76,xl
76,ylu
76,yok
76,zas
76,kfi
76,kot
76,kun
76,moa
76,nsn
76,oob
76,ouf
76,rir
76,six
76,bok
76,sst
75,upo
75,enj
75,etf
75,gew
75,ydi
75,iry
75,isw
75,itn
75,noh
75,opn
75,adn
75,aia
75,biv
74,uxe
74,eew
74,kg
74,wg
74,hwe
74,zam
74,lye
74,ngf
74,onq
74,owc
74,pox
74,aei
74,roq
74,rye
74,sby
74,ssf
73,tue
73,cue
73,wba
73,gaw
73,jee
73,lok
73,awd
73,bys
72,tyi
72,cyb
72,uka
72,ekn
72,eul
72,dz
72,fow
72,yie
72,hui
72,ilp
72,juv
72,kom
72,luf
72,moh
72,oex
72,piu
72,pye
72,rdn
72,adf
72,rnb
72,byr
71,ctn
71,veo
71,eox
71,wls
71,xco
71,xto
71,zea
71,iha
71,zli
71,kap
71,kfu
71,mef
71,nup
71,ouv
71,rih
71,rju
71,biz
71,bpr
70,tfl
70,ckc
70,egs
70,wap
70,gwa
70,huf
70,hyb
70,zom
70,zos
70,kah
70,mep
70,pbo
70,pem
70,pyc
70,rja
70,rlu
70,alr
70,ryb
70,bne
70,bta
69,ubh
69,dav
69,uef
69,dsp
69,etn
69,fn
69,wst
69,gay
69,gdo
69,hox
69,irb
69,onz
69,otb
69,pwo
69,ayf
69,sae
68,dii
68,uks
68,dpa
68,dth
68,vom
68,exy
68,eyl
68,wsh
68,kv
68,xoc
68,yag
68,ysc
68,hub
68,ipy
68,isj
68,zzo
68,jut
68,kba
68,kke
68,lgr
68,lld
68,lyh
68,mez
68,moz
68,msi
68,abn
68,rdw
68,rnl
68,sax
68,sdi
68,tbe
67,chd
67,tys
67,dbe
67,umv
67,erq
67,wbe
67,cm
67,qi
67,yly
67,inr
67,iox
67,iwa
67,lln
67,oio
67,oww
67,rdm
67,apn
67,skr
66,enk
66,gav
66,hey
66,kya
66,mfu
66,mse
66,oau
66,ohu
66,ahy
66,rml
66,aol
66,azu
66,sbi
66,siu
65,wac
65,fag
65,fb
65,vs
65,gmi
65,ybu
65,hna
65,hup
65,iof
65,mya
65,myd
65,baw
64,thb
64,upf
64,voy
64,erz
64,esn
64,eyb
64,mg
64,xpu
64,ybi
64,ygm
64,hud
64,kok
64,kta
64,kwe
64,nay
64,ngm
64,nih
64,niq
64,nvu
64,orv
64,aiv
64,baz
63,vif
63,eyn
63,yfi
63,iah
63,zet
63,jew
63,jos
63,kei
63,lfl
63,oig
63,otm
63,oue
63,pef
63,aje
63,anb
63,avy
63,beb
63,shf
62,uif
62,uva
62,edf
62,eik
62,elk
62,eoa
62,wur
62,wwo
62,xhi
62,ycn
62,yit
62,yur
62,yza
62,imy
62,itf
62,koi
62,lyw
62,pyt
62,aji
62,azy
62,bov
62,cay
61,uze
61,vos
61,wnl
61,wsi
61,xcr
61,gry
61,htn
61,ipm
61,lky
61,nii
61,ogh
61,oua
61,pfu
61,ahm
61,rnf
61,rsk
61,rtf
61,awf
61,awo
61,sro
60,tpl
60,ecs
60,enp
60,eza
60,ezo
60,waf
60,wiv
60,ghl
60,xod
60,xpi
60,ivu
60,myi
60,otw
60,pak
60,adc
60,aeg
60,sda
60,bno
60,buk
59,cuf
59,ubn
59,uem
59,dek
59,utz
59,dye
59,efs
59,wki
59,gsh
59,yfu
59,hho
59,yke
59,ywi
59,iwi
59,kak
59,kib
59,llc
59,luk
59,pob
59,pwa
59,auk
59,soe
58,dak
58,uft
58,ffy
58,zh
58,xol
58,hef
58,ilh
58,kef
58,kse
58,lgu
58,loz
58,mro
58,nax
58,nkt
58,ofs
58,rtz
58,awm
58,sra
58,bsu
57,ceu
57,cno
57,tya
57,tza
57,uav
57,dih
57,dja
57,uly
57,uny
57,dna
57,upg
57,usy
57,uxo
57,veh
57,egy
57,etb
57,evu
57,feb
57,wme
57,cz
57,foe
57,fm
57,hco
57,yrm
57,ysu
57,iau
57,zoc
57,noy
57,ofr
57,oyo
57,poa
57,aar
57,aev
57,aiz
57,atn
57,sah
57,bbr
57,bez
57,sva
56,tgr
56,ckd
56,tna
56,cni
56,tth
56,dof
56,doz
56,uxu
56,eoe
56,bk
56,foa
56,fc
56,xf
56,ggo
56,gns
56,zeb
56,zid
56,iov
56,kme
56,mfi
56,mik
56,mly
56,okl
56,pah
56,pey
56,rbs
56,anr
56,sdo
56,bev
56,bey
56,std
56,buz
55,cig
55,dbr
55,dhi
55,uku
55,vee
55,edw
55,fh
55,gk
55,mk
55,xas
55,hsh
55,hst
55,ibs
55,ieb
55,inx
55,kbe
55,kbi
55,laf
55,lii
55,lmu
55,lpr
55,muf
55,ndc
55,ndg
55,neh
55,nug
55,obv
55,pbr
55,pry
55,pue
55,rdb
55,rje
55,amf
55,rny
55,asl
55,rwh
55,spy
55,tbl
54,ufa
54,ddr
54,ddu
54,dfo
54,dsc
54,dud
54,eml
54,gc
54,xca
54,geu
54,gfi
54,yfo
54,hpo
54,hye
54,ixo
54,kka
54,ksp
54,ldn
54,llp
54,lra
54,oim
54,ovu
54,raa
54,aio
53,tmi
53,uja
53,efy
53,etz
53,euv
53,eym
53,fne
53,fw
53,xta
53,gto
53,ifr
53,jea
53,jub
53,keh
53,kus
53,mso
53,nwh
53,oku
53,olb
53,oym
53,pov
53,raq
53,anp
53,rze
53,shp
53,bho
53,boh
53,byl
52,tpi
52,daf
52,dgr
52,eea
52,eyo
52,wdi
52,gba
52,gip
52,ylv
52,ymy
52,zim
52,ilw
52,joh
52,ldf
52,moy
52,odh
52,oyn
52,puf
52,abj
52,rnt
52,sge
51,tdr
51,fd
51,fty
51,xm
51,gec
51,xom
51,yaw
51,yzo
51,zep
51,kru
51,ksm
51,lwi
51,maw
51,miv
51,mow
51,pco
51,rez
51,akt
51,avu
51,sox
51,btu
51,bvi
51,tbi
50,dvo
50,cp
50,xab
50,gah
50,xb
50,xog
50,xyc
50,ygl
50,hty
50,zap
50,ilr
50,irw
50,itw
50,jab
50,jul
50,kaw
50,ldb
50,mho
50,ntf
50,odc
50,oky
50,pki
50,anw
50,aos
50,rsy
50,bcl
50,biq
49,tyo
49,uei
49,ugm
49,umd
49,uvr
49,duk
49,ecd
49,viu
49,ekk
49,ewl
49,wah
49,ypl
49,yxi
49,zur
49,jay
49,jit
49,kso
49,kup
49,lih
49,mvi
49,owk
49,rcy
49,riq
49,rkm
49,axy
49,buy
48,ccy
48,coz
48,twr
48,cyr
48,umc
48,uqu
48,dut
48,vah
48,vog
48,ftl
48,fue
48,xib
48,hbr
48,hek
48,zir
48,kdo
48,khi
48,ldu
48,noz
48,oby
48,oml
48,osl
48,rwr
48,awt
48,ryw
48,bch
48,skl
48,bye
47,tni
47,tpe
47,coq
47,tsk
47,uib
47,uig
47,doh
47,ekt
47,eov
47,hv
47,xys
47,ylc
47,hwi
47,zog
47,jai
47,jim
47,kay
47,kio
47,lfr
47,lpt
47,nkh
47,ohn
47,otp
47,pez
47,aeu
47,ayd
47,sik
47,bik
47,tcl
46,tev
46,chg
46,tpu
46,tug
46,dbu
46,udr
46,dje
46,dno
46,ehs
46,elg
46,fp
46,gda
46,geh
46,xiv
46,guo
46,yem
46,ylp
46,yru
46,iei
46,jau
46,kbu
46,koe
46,ngk
46,nko
46,odm
46,oev
46,pyi
46,adp
46,ahl
46,akk
46,akl
46,bek
45,cok
45,dcr
45,dfl
45,uum
45,ewt
45,fev
45,gfu
45,xyp
45,gyl
45,yad
45,yap
45,yms
45,idw
45,ija
45,kif
45,kpo
45,kwi
45,lek
45,oax
45,oia
45,rko
45,bej
45,shk
44,tfe
44,tgu
44,dco
44,upw
44,utn
44,vre
44,eux
44,ewd
44,wip
44,uw
44,xw
44,gnm
44,hii
44,yrt
44,zee
44,iml
44,ipn
44,kut
44,ltl
44,maf
44,myg
44,ojo
44,olh
44,ouz
44,owg
44,peb
44,puk
44,aan
44,adt
44,rtb
44,auv
44,ryd
44,sga
43,chh
43,ctf
43,dbi
43,ufi
43,dga
43,uoi
43,dpr
43,utv
43,dui
43,dya
43,wfu
43,wks
43,wly
43,ypy
43,ytt
43,hue
43,ywe
43,hyi
43,ihu
43,ijo
43,klu
43,kti
43,ldw
43,llt
43,mby
43,ngd
43,nys
43,obd
43,ooh
43,opw
43,agb
43,aky
43,asb
43,sgo
43,sru
43,suo
42,chk
42,uae
42,ukk
42,upd
42,eip
42,vro
42,feo
42,wiz
42,kj
42,xig
42,hbu
42,yeb
42,hof
42,hoy
42,jal
42,jib
42,lvu
42,nck
42,nkf
42,oik
42,olg
42,owo
42,rfs
42,anm
42,rza
42,ayt
41,tek
41,cku
41,ueu
41,ddh
41,djo
41,dyt
41,evr
41,eyw
41,wfi
41,few
41,wow
41,wte
41,ftw
41,fuz
41,xap
41,vl
41,gub
41,hao
41,hpr
41,htm
41,htw
41,zig
41,ikk
41,iun
41,jil
41,maa
41,muz
41,mwo
41,nix
41,oab
41,owy
41,oza
41,pib
41,pui
41,rnw
41,anv
41,sok
41,ssc
41,bwo
40,teh
40,ceg
40,cyo
40,dbl
40,dch
40,dgm
40,usb
40,utj
40,eah
40,elr
40,wke
40,wla
40,wye
40,xar
40,xch
40,wz
40,gbe
40,zb
40,xif
40,guy
40,hpa
40,hto
40,igy
40,iku
40,jad
40,kpi
40,lbr
40,lzi
40,msc
40,nxi
40,oeu
40,oja
40,aas
40,akr
40,amr
40,anx
40,bhe
40,stt
40,caj
39,cdo
39,ufo
39,edm
39,eln
39,epy
39,eyf
39,fiv
39,hbe
39,hdr
39,yha
39,yid
39,hlu
39,zai
39,iak
39,zeu
39,ifs
39,iju
39,iln
39,jej
39,kki
39,lfs
39,lwe
39,meu
39,mla
39,nuk
39,nyo
39,opf
39,orz
39,piq
39,puz
39,agw
39,rtg
39,atz
39,bda
39,bfu
39,bsp
39,btl
38,tey
38,thc
38,thd
38,tki
38,cyg
38,uaw
38,ufl
38,dki
38,dyp
38,ebt
38,eeh
38,wnd
38,mj
38,gao
38,zw
38,gep
38,xul
38,ygd
38,hhe
38,hka
38,ymu
38,ysy
38,iep
38,ipw
38,jeo
38,lko
38,lpl
38,nkb
38,nkr
38,nok
38,nss
38,pth
38,rdf
38,rij
38,aie
38,rkn
38,rky
38,amw
38,arz
38,awp
38,awy
38,bpa
38,bpe
38,syb
38,taz
37,thp
37,tuk
37,udu
37,deq
37,dpi
37,usq
37,dyb
37,dyk
37,vim
37,fak
37,wca
37,wov
37,wso
37,fud
37,fuf
37,zd
37,ghf
37,gta
37,gwe
37,gwi
37,yfl
37,hfi
37,ivv
37,zzy
37,jah
37,jog
37,ksa
37,lcy
37,ltz
37,lvo
37,miq
37,nyw
37,ocs
37,ohm
37,pbe
37,rdh
37,aip
37,rrs
37,awh
37,ayr
36,tii
36,ckg
36,uay
36,udy
36,dej
36,uoy
36,edc
36,vvi
36,wbr
36,fg
36,sz
36,vn
36,gaf
36,hso
36,yzi
36,iax
36,zip
36,itb
36,kfa
36,kod
36,llr
36,lpu
36,lry
36,mri
36,ndt
36,nkw
36,nmy
36,obn
36,oji
36,otf
36,pca
36,pda
36,pfl
36,psp
36,abh
36,sek
36,sju
36,soh
36,byi
35,thh
35,tja
35,tyn
35,uec
35,uol
35,eeg
35,vod
35,eoz
35,eyd
35,cw
35,rx
35,zc
35,zk
35,haj
35,heq
35,hpi
35,zad
35,ioh
35,ipb
35,jaz
35,jok
35,jui
35,kyr
35,laq
35,ldm
35,mda
35,nsd
35,nsg
35,ogb
35,ogw
35,osq
35,pek
35,ptn
35,aju
35,baa
35,sgi
35,shc
35,buo
34,cey
34,tva
34,cza
34,uey
34,ufe
34,uha
34,uon
34,dpl
34,dsa
34,vae
34,vew
34,wdl
34,fif
34,fiz
34,wto
34,ftm
34,lq
34,gug
34,ybd
34,ycu
34,hoh
34,hoz
34,hsa
34,yum
34,iao
34,zis
34,iit
34,zoe
34,ipc
34,jov
34,kao
34,ldh
34,lri
34,mek
34,mey
34,mfe
34,ngp
34,odb
34,odf
34,owz
34,pdo
34,pfi
34,pgr
34,piv
34,pmo
34,ptl
34,quy
34,rgs
34,alh
34,apb
34,atp
34,ayu
34,baf
34,bfo
34,syi
34,caw
33,tye
33,ubw
33,ugr
33,upm
33,ebs
33,veb
33,egh
33,eie
33,cb
33,wnt
33,gj
33,wsp
33,gnu
33,gpi
33,xyr
33,xyt
33,yau
33,hdo
33,yuk
33,ieh
33,iek
33,iex
33,irh
33,khu
33,lcr
33,lsu
33,mfl
33,mnu
33,mra
33,mwa
33,nku
33,oae
33,oiz
33,oxh
33,pax
33,pba
33,pch
33,pwe
33,aou
33,rsn
33,ruo
33,rvu
33,bii
33,sps
33,suk
33,tde
32,tsy
32,dhu
32,duf
32,dug
32,uza
32,vef
32,eow
32,ewf
32,exf
32,waw
32,fim
32,fot
32,pj
32,ghh
32,gti
32,gud
32,haa
32,hfa
32,hsi
32,huk
32,ywh
32,iif
32,isv
32,ksc
32,kte
32,lao
32,lni
32,lyf
32,maq
32,mav
32,mlo
32,nrh
32,ogt
32,okk
32,omr
32,omt
32,oyd
32,peh
32,acm
32,rkh
32,amt
32,rtc
32,ruk
32,aue
32,ayg
32,sbr
32,bfi
31,tiw
31,uop
31,dok
31,dti
31,edh
31,vra
31,eui
31,ewb
31,ewn
31,faw
31,cg
31,wob
31,fod
31,wry
31,xah
31,hch
31,yee
31,iez
31,igw
31,ikh
31,zod
31,zou
31,jis
31,kaf
31,kbr
31,kve
31,mof
31,ntz
31,oaf
31,opb
31,pbu
31,aat
31,afs
31,agd
31,apm
31,bcu
31,beq
30,tvo
30,tyf
30,cye
30,uap
30,uep
30,uim
30,uio
30,dix
30,dni
30,dpo
30,urz
30,uxa
30,uzi
30,ekl
30,wdy
30,whu
30,wof
30,wti
30,zm
30,xya
30,ybl
30,ycr
30,hca
30,yki
30,ylg
30,ylt
30,yob
30,ytu
30,ywr
30,ziz
30,jen
30,keo
30,kof
30,mao
30,mox
30,ndd
30,nji
30,oey
30,poy
30,rdc
30,rkw
30,rnp
30,amd
30,aoi
30,aon
30,awr
30,ayc
30,bbu
30,sjo
30,soz
30,bof
30,tcu
30,tdi
29,tve
29,upy
29,urh
29,dsw
29,dyw
29,vov
29,epf
29,vus
29,ewm
29,fio
29,fry
29,xad
29,gbi
29,xho
29,ghn
29,ghm
29,xle
29,goy
29,yns
29,yve
29,zaz
29,irv
29,jak
29,jav
29,jow
29,kch
29,ksl
29,lbl
29,lna
29,lps
29,lsm
29,lsp
29,ltm
29,meh
29,nns
29,oju
29,okr
29,rby
29,rjo
29,apw
29,arx
29,sdr
29,bcr
29,sfr
29,bge
29,stg
29,bup
29,tda
28,tgl
28,uji
28,voo
28,esd
28,vur
28,eyp
28,eyr
28,wdr
28,wnw
28,lj
28,mz
28,xaz
28,gbu
28,xyb
28,ycy
28,hda
28,yfa
28,ylm
28,yox
28,yrs
28,yuc
28,zei
28,idh
28,zic
28,zio
28,irf
28,iwo
28,jat
28,kda
28,keg
28,kiv
28,kko
28,kth
28,ldy
28,mml
28,myz
28,nkm
28,odp
28,oou
28,pfe
28,pix
28,aam
28,agp
28,akf
28,ruv
28,bhi
28,soy
28,bpo
28,stv
28,bto
27,tsl
27,cst
27,dgy
27,urw
27,dsu
27,uye
27,ehr
27,eko
27,voe
27,eoh
27,vri
27,epw
27,eue
27,euo
27,wbi
27,fae
27,wfl
27,wmo
27,fma
27,wpi
27,fov
27,qs
27,yj
27,ggs
27,xma
27,xym
27,hbi
27,hga
27,yof
27,yow
27,ypu
27,htr
27,yxe
27,zag
27,zec
27,zob
27,itp
27,iut
27,kmo
27,liw
27,lkl
27,msa
27,msp
27,ngc
27,nps
27,nxe
27,okm
27,pdr
27,poh
27,psc
27,aep
27,afu
27,rnn
27,rzi
27,ayp
27,ssr
27,byc
27,taq
26,ceh
26,tke
26,ckj
26,dez
26,dsl
26,dsk
26,epm
26,woe
26,wop
26,wpo
26,hq
26,jj
26,zs
26,zt
26,zv
26,xfo
26,ghu
26,gsm
26,yeh
26,hgo
26,hke
26,hpl
26,yrh
26,zif
26,iis
26,zox
26,iye
26,jem
26,kaz
26,koc
26,kow
26,kpa
26,kry
26,nsq
26,nye
26,nyx
26,oef
26,oif
26,oxb
26,ozl
26,pwi
26,rcs
26,aif
26,rmf
26,baj
26,bsa
25,cev
25,tht
25,tjo
25,ctm
25,tzo
25,dcu
25,dey
25,dji
25,umr
25,usm
25,utk
25,dyo
25,dzo
25,etp
25,vve
25,vyi
25,wdo
25,wnb
25,wnf
25,xx
25,ghw
25,ynx
25,yoh
25,htu
25,huz
25,imf
25,ipf
25,kau
25,kfo
25,kik
25,kyb
25,ldc
25,llg
25,ltw
25,mci
25,mwi
25,nek
25,ngg
25,nyt
25,odn
25,odt
25,oyf
25,phn
25,poz
25,acn
25,agt
25,aib
25,aot
25,asn
25,rxi
25,ryf
25,axw
25,biy
25,bmo
25,bna
25,bsh
25,bwa
25,tao
24,tgo
24,uaf
24,uhe
24,umy
24,uvu
24,uya
24,dwr
24,ewp
24,fay
24,wog
24,wpe
24,fop
24,wsm
24,fto
24,xhu
24,gso
24,hcr
24,yeo
24,ynu
24,yoe
24,hms
24,yry
24,yup
24,zac
24,iai
24,iby
24,zul
24,ivy
24,iwe
24,zyl
24,kac
24,keu
24,kob
24,ksu
24,laa
24,lqu
24,mpb
24,mpf
24,mpk
24,obw
24,ogd
24,ogf
24,olw
24,otg
24,oxt
24,pfo
24,pni
24,psw
24,rkb
24,avv
24,rzo
24,saz
24,sdu
24,bfe
24,shh
24,shg
24,bhu
23,tfr
23,tje
23,csi
23,ueg
23,dds
23,dfe
23,ulw
23,unz
23,uom
23,vak
23,ecp
23,vik
23,eji
23,emd
23,epd
23,wbu
23,fdo
23,wfa
23,fef
23,feg
23,jn
23,wun
23,fth
23,pv
23,xn
23,zp
23,xse
23,guf
23,yae
23,yei
23,yew
23,hfl
23,hfo
23,yny
23,hqu
23,ysl
23,yun
23,idm
23,iok
23,izu
23,kav
23,ksw
23,kys
23,lfh
23,lkh
23,lkw
23,ltc
23,mev
23,mfr
23,mpn
23,mpm
23,mti
23,muk
23,ntb
23,oav
23,obf
23,oeh
23,oek
23,okt
23,oyc
23,pga
23,pya
23,aef
23,rnc
23,alz
23,axl
23,bav
23,bce
23,bnu
23,svi
23,bvo
22,tez
22,tph
22,tqu
22,tyt
22,uev
22,dgu
22,dke
22,edt
22,wae
22,wep
22,wgr
22,ffn
22,gz
22,hj
22,jd
22,jr
22,tq
22,xd
22,gof
22,xus
22,guz
22,gya
22,ygn
22,hki
22,ynn
22,yus
22,htc
22,iji
22,ilz
22,imr
22,zum
22,jot
22,kec
22,kov
22,mca
22,mco
22,mde
22,mij
22,mue
22,mve
22,nyb
22,paz
22,pof
22,rdp
22,apd
22,arj
22,asw
22,bfa
22,boz
21,thq
21,tka
21,ckk
21,tno
21,cma
21,tyh
21,udf
21,udh
21,uju
21,umg
21,dlu
21,dto
21,uys
21,dyc
21,vep
21,emf
21,euh
21,exl
21,eyc
21,waz
21,fah
21,cf
21,wnh
21,wnn
21,wny
21,fom
21,fsh
21,wus
21,zn
21,gii
21,gsp
21,gtr
21,yep
21,hdi
21,ygy
21,yug
21,zah
21,iea
21,igf
21,jic
21,kev
21,kpr
21,ktr
21,lej
21,lgl
21,lmy
21,lsk
21,mdu
21,mui
21,obc
21,opd
21,opk
21,oxc
21,pcr
21,pph
21,qin
21,rlb
21,apf
21,ryx
21,bci
21,sfl
21,sfy
21,sii
21,bjo
21,cao
20,tji
20,cph
20,twh
20,cze
20,ufr
20,ugw
20,uhi
20,uhu
20,ukh
20,dta
20,uzu
20,vii
20,ehm
20,emv
20,vvy
20,fik
20,woc
20,wot
20,fk
20,hz
20,ftb
20,ftn
20,qe
20,tx
20,xr
20,xme
20,xob
20,gsi
20,xub
20,yia
20,hha
20,yld
20,hns
20,hnu
20,hse
20,hyx
20,ikr
20,zof
20,inz
20,zwi
20,iyo
20,izy
20,jir
20,jiv
20,koh
20,kpe
20,kpl
20,kym
20,lez
20,lkm
20,ltf
20,mch
20,naa
20,nez
20,nkp
20,ntp
20,odz
20,omw
20,opc
20,opg
20,paq
20,ahr
20,rkf
20,rmn
20,rmw
20,rpy
20,rux
20,awc
20,ayh
20,bmu
20,sri
20,bux
20,byp
20,taa
19,tyw
19,udb
19,dcl
19,ugb
19,dfr
19,umh
19,uus
19,dyf
19,dyg
19,edp
19,eib
19,enq
19,epb
19,vum
19,wco
19,wfo
19,why
19,wnc
19,fme
19,wod
19,foy
19,fwi
19,gak
19,xg
19,gco
19,yy
19,gnl
19,xsu
19,ylb
19,htb
19,hwh
19,zae
19,zca
19,ioz
19,zun
19,jeh
19,kco
19,kcr
19,kmi
19,kuk
19,kva
19,lfw
19,lnu
19,mbf
19,mpw
19,mth
19,ntc
19,oaz
19,okw
19,otn
19,oxl
19,pbi
19,aai
19,abt
19,adz
19,riw
19,aii
19,rkp
19,akw
19,rmh
19,rnh
19,aqi
19,rsq
19,asg
19,ruz
19,aua
19,aww
19,bgl
19,skn
19,soj
19,bth
19,swr
19,bwe
18,cek
18,tju
18,tmu
18,tvi
18,tyb
18,dax
18,ueh
18,ueo
18,uhl
18,doy
18,uxt
18,ekh
18,eky
18,etk
18,ewy
18,wds
18,bz
18,wpl
18,wwa
18,xae
18,vt
18,xhe
18,gsa
18,xyh
18,ydn
18,yfy
18,yir
18,hij
18,hmu
18,yrl
18,ysg
18,hva
18,iav
18,ibn
18,zew
18,zib
18,jie
18,kae
18,kfl
18,khs
18,kiw
18,koa
18,kog
18,kyt
18,ldt
18,lgy
18,lhy
18,lyv
18,mex
18,mki
18,msm
18,mto
18,mwe
18,nao
18,nuz
18,oai
18,odk
18,oeq
18,okh
18,oox
18,osw
18,oxf
18,oxs
18,pej
18,psm
18,pwr
18,abk
18,riy
18,amc
18,amh
18,atk
18,aui
18,avs
18,sej
18,bex
18,shs
18,syw
18,byo
17,tlu
17,toj
17,cyd
17,udw
17,duv
17,dyd
17,ehn
17,ekp
17,eok
17,fco
17,ffc
17,ffm
17,fho
17,fiy
17,woa
17,wos
17,wsw
17,fse
17,qt
17,vd
17,ghr
17,ghy
17,xli
17,gka
17,xly
17,xts
17,xwo
17,gyi
17,hde
17,yfe
17,yhy
17,hgr
17,ykn
17,ypp
17,hoj
17,yty
17,yul
17,zhe
17,igt
17,iia
17,zma
17,imw
17,jef
17,jra
17,jux
17,kca
17,kek
17,kiz
17,kuc
17,kud
17,kyi
17,mbd
17,mce
17,mdi
17,mja
17,myn
17,naq
17,oln
17,omc
17,osb
17,osg
17,pke
17,psk
17,pyk
17,aad
17,aeb
17,ahd
17,rkt
17,amj
17,ruq
17,atd
17,atg
17,rvy
17,ryu
17,ryz
17,bfl
17,bgr
17,bih
17,bij
17,bni
17,spn
17,bue
17,sye
17,caa
17,tci
17,caz
16,tix
16,cii
16,uah
16,uew
16,ukr
16,ukt
16,umk
16,umt
16,urq
16,utq
16,uwa
16,vav
16,eai
16,vna
16,epn
16,eub
16,evy
16,ewg
16,ezy
16,faq
16,fbo
16,weg
16,fex
16,wik
16,fhe
16,wnm
16,wpa
16,wsa
16,jh
16,wyn
16,wzi
16,gaa
16,xeg
16,xel
16,gdi
16,zr
16,xii
16,xne
16,yai
16,yec
16,hcu
16,yeu
16,hpe
16,yvi
16,zeo
16,idt
16,iow
16,zus
16,itk
16,juk
16,kdr
16,kgr
16,kih
16,kja
16,ksk
16,kua
16,kyp
16,lct
16,lfp
16,lft
16,lwh
16,lyk
16,lze
16,mdo
16,mii
16,mte
16,muh
16,ncs
16,ndj
16,nsb
16,ohs
16,okb
16,otz
16,paj
16,pfa
16,pfr
16,pgi
16,pja
16,pps
16,rdt
16,ahn
16,rmb
16,avr
16,azd
16,beo
16,beu
16,bfr
16,bgo
16,smy
16,bsl
16,syt
16,tcy
15,cdy
15,tyd
15,tyg
15,uby
15,uik
15,ujo
15,ulr
15,umw
15,duu
15,uyi
15,uyu
15,vax
15,eej
15,elz
15,emc
15,vop
15,exq
15,wch
15,wey
15,wga
15,fey
15,fft
15,wna
15,fsk
15,wum
15,qq
15,gaj
15,xq
15,xet
15,gfa
15,gmy
15,xqu
15,xuo
15,xyd
15,yaf
15,heh
15,yic
15,yja
15,hix
15,ylh
15,yrn
15,ysn
15,yva
15,huj
15,zba
15,idc
15,ije
15,imc
15,jia
15,jik
15,joo
15,kaj
15,kgu
15,kyw
15,lcl
15,leq
15,lno
15,ltp
15,lyu
15,msu
15,muj
15,mvo
15,ndk
15,ocn
15,orj
15,osn
15,ovy
15,oxu
15,pyx
15,abm
15,adk
15,rfb
15,aiw
15,aiy
15,amz
15,aoc
15,auz
15,axm
15,axt
15,azl
15,bax
15,svo
15,buh
15,sya
15,syd
15,byh
14,teq
14,thg
14,toq
14,coj
14,cth
14,cuz
14,uaz
14,uhr
14,uix
14,uoc
14,dpe
14,dtr
14,uyo
14,ebd
14,ebc
14,eeq
14,eey
14,esf
14,evn
14,eyh
14,fba
14,wcr
14,wef
14,wfe
14,ffb
14,ffh
14,wnp
14,wok
14,wsl
14,wwe
14,lx
14,yq
14,zg
14,gek
14,ggu
14,xoi
14,gpo
14,xsi
14,xud
14,xyn
14,gza
14,haq
14,hcl
14,hez
14,hgu
14,yip
14,yiz
14,yqu
14,hpu
14,hvi
14,yzy
14,zaf
14,zak
14,idf
14,zey
14,idp
14,igb
14,igz
14,ikl
14,zva
14,joa
14,kkn
14,kye
14,kyn
14,laj
14,lgh
14,mbh
14,mbm
14,moj
14,ntd
14,ofy
14,ogp
14,ohl
14,omd
14,ovs
14,pcu
14,pyh
14,qal
14,aag
14,abc
14,rnd
14,amg
14,asf
14,ryh
14,ryk
14,shv
14,sja
14,bph
14,bpl
14,swu
14,tce
13,chv
13,tyk
13,tzk
13,tzy
13,udn
13,udm
13,uej
13,dgl
13,diw
13,upv
13,usw
13,uyl
13,uzl
13,uzo
13,eby
13,eii
13,vla
13,eku
13,epc
13,eua
13,ewc
13,eww
13,wbl
13,faf
13,faz
13,fga
13,wkw
13,wpu
13,wud
13,jy
13,wul
13,fub
13,fwa
13,wze
13,xv
13,geg
13,ghg
13,gja
13,gko
13,goh
13,xsa
13,xsc
13,gsl
13,gyv
13,yao
13,hbl
13,yeg
13,ygu
13,hiy
13,hnn
13,hny
13,hsm
13,huh
13,yxa
13,iaf
13,icw
13,zlo
13,zoy
13,zpa
13,zuc
13,itg
13,iul
13,zzb
13,jid
13,jji
13,jna
13,joe
13,kaa
13,kcl
13,kfe
13,kfr
13,kii
13,kiy
13,kku
13,kue
13,kwr
13,kyd
13,kyo
13,ldg
13,ldp
13,lml
13,lpf
13,lru
13,lsw
13,mbp
13,mcr
13,mha
13,mhe
13,miw
13,mre
13,msl
13,mva
13,nyh
13,oeg
13,omh
13,ooy
13,ouh
13,ouj
13,oux
13,pbl
13,pii
13,psl
13,pua
13,qab
13,rck
13,abw
13,agf
13,aij
13,rkr
13,akd
13,akm
13,rmp
13,rmt
13,apk
13,auh
13,auj
13,auw
13,awg
13,saa
13,sbl
13,bao
13,suv
13,suz
13,syz
13,bya
13,byw
13,taj
13,caq
12,tgi
12,tij
12,tiy
12,tnu
12,cuu
12,cwo
12,tzp
12,tzs
12,ubq
12,dao
12,ucy
12,uez
12,diq
12,ulz
12,uob
12,usf
12,dte
12,dyh
12,vaa
12,eax
12,veu
12,efd
12,eix
12,vsk
12,vug
12,evv
12,vya
12,exd
12,fax
12,fca
12,ffp
12,ffw
12,bq
12,dq
12,fpr
12,wts
12,xbo
12,wj
12,xea
12,xfi
12,ghd
12,xoa
12,xsh
12,xty
12,gsw
12,xuv
12,gte
12,yey
12,hhi
12,hiq
12,ylk
12,hrs
12,hsp
12,yvo
12,hyh
12,hyu
12,zek
12,zki
12,zoh
12,zuk
12,iwh
12,jua
12,juj
12,jup
12,ksb
12,kub
12,kug
12,kyu
12,lfm
12,ljo
12,lre
12,lsy
12,mfa
12,mga
12,mns
12,mpp
12,mtr
12,mwh
12,nsr
12,ntt
12,nvy
12,obh
12,ooj
12,ouq
12,oyp
12,oyu
12,paa
12,pao
12,pcl
12,pdi
12,pkn
12,pmi
12,puy
12,aap
12,rdk
12,aee
12,afn
12,aht
12,ahw
12,akb
12,rlw
12,rnr
12,amk
12,aqa
12,asd
12,sao
12,saq
12,shd
12,bga
12,sje
12,bhy
12,bpu
12,srh
12,bqu
12,bsy
12,btf
12,syf
11,tdu
11,cme
11,tsn
11,ttw
11,ttv
11,tzv
11,daa
11,ufs
11,uiq
11,upk
11,vaw
11,vay
11,ecb
11,egb
11,vix
11,emw
11,etd
11,evs
11,ewu
11,exm
11,eyg
11,eyt
11,ezu
11,wda
11,feh
11,fez
11,fha
11,wmi
11,wnr
11,fob
11,fj
11,wru
11,wsk
11,wta
11,fsa
11,fsc
11,jw
11,fwo
11,xau
11,vg
11,vk
11,gfe
11,gfo
11,ghj
11,ghp
11,gju
11,xoe
11,gse
11,xvi
11,gup
11,xwe
11,xye
11,gyb
11,yaz
11,ydu
11,yhi
11,hge
11,yio
11,hih
11,hls
11,ynk
11,htp
11,zef
11,zho
11,zly
11,ikv
11,iqa
11,ivr
11,ixy
11,iyu
11,jda
11,jeb
11,jeu
11,kgo
11,koy
11,kpu
11,lff
11,lij
11,liy
11,lyx
11,mdr
11,mka
11,msk
11,mze
11,nej
11,niw
11,niy
11,nyp
11,ofn
11,oib
11,olz
11,orq
11,otd
11,owj
11,oxw
11,oyb
11,pje
11,pyn
11,rdg
11,rff
11,rfm
11,aeq
11,afg
11,rku
11,rmc
11,alq
11,ruh
11,axb
11,ryv
11,axp
11,ayv
11,bbs
11,bdr
11,sih
11,skf
11,bki
11,bua
11,syo
11,byz
11,cax
10,tej
10,cmi
10,cmo
10,ttn
10,tyx
10,uje
10,dij
10,uky
10,dkn
10,urj
10,usd
10,dqu
10,dsb
10,uyt
10,dze
10,vev
10,ehl
10,vox
10,vut
10,etj
10,euz
10,exr
10,ezd
10,waa
10,fbe
10,wgi
10,wka
10,wkn
10,fki
10,wng
10,wsb
10,fsi
10,js
10,wuz
10,wya
10,fyl
10,pz
10,xdi
10,xeo
10,gev
10,gnf
10,gpl
10,gpr
10,xtb
10,gsu
10,xun
10,guk
10,guj
10,gwr
10,gwu
10,yaj
10,yax
10,ybb
10,yez
10,hdu
10,hfe
10,yik
10,hmm
10,ysb
10,ysk
10,huy
10,hve
10,zaw
10,zda
10,ibw
10,icq
10,igd
10,iio
10,imt
10,itj
10,ixl
10,jez
10,jih
10,jiu
10,juc
10,kga
10,khm
10,kiu
10,kjo
10,kph
10,lcs
10,lfc
10,lfb
10,lhu
10,lpy
10,lsc
10,ltb
10,ltn
10,mbn
10,mcl
10,mgu
10,mlu
10,msy
10,ndv
10,ngj
10,nnl
10,noj
10,noq
10,obm
10,ofb
10,ogc
10,olr
10,ouw
10,pgu
10,ptt
10,pyf
10,pyw
10,qta
10,quu
10,aak
10,rdd
10,aiq
10,ajr
10,alj
10,rng
10,rpn
10,aod
10,aop
10,apc
10,apj
10,aqq
10,rtt
10,axx
10,azh
10,azt
10,sez
10,skm
10,skw
10,bkh
10,bpi
10,ssd
10,syu
10,bym
9,cgr
9,tsb
9,tsf
9,tsv
9,cse
9,tuu
9,tux
9,tuz
9,cuv
9,tzu
9,daq
9,ucs
9,udz
9,ugf
9,dhy
9,diy
9,ukl
9,uoo
9,dsn
9,uzh
9,dyr
9,dza
9,dzi
9,ebf
9,ecn
9,egw
9,eij
9,ekb
9,ekw
9,elj
9,elq
9,epg
9,vue
9,euf
9,ezc
9,ezl
9,wdk
9,wdu
9,wem
9,wib
9,wps
9,foh
9,fpe
9,gv
9,wss
9,wsu
9,wsy
9,jm
9,fst
9,wup
9,wut
9,ftp
9,wyc
9,wyl
9,ql
9,qr
9,qv
9,qy
9,vc
9,xga
9,gfl
9,xir
9,ghc
9,xof
9,gmu
9,gnt
9,xra
9,xst
9,gsk
9,guh
9,guv
9,xyu
9,gyo
9,gyt
9,yay
9,hax
9,hej
9,hgi
9,yii
9,yim
9,yko
9,yoo
9,yov
9,yrg
9,ysw
9,hsc
9,htg
9,htj
9,huv
9,ibh
9,icp
9,idj
9,zgi
9,zka
9,imj
9,zok
9,ioo
9,ipk
9,zsc
9,zub
9,zuz
9,zwa
9,iup
9,izc
9,izm
9,jaa
9,jiz
9,kbl
9,kht
9,kju
9,kox
9,koz
9,ksn
9,ksy
9,ktu
9,kuf
9,kwh
9,lfd
9,lhi
9,lja
9,lkf
9,lmm
9,lsl
9,lwr
9,lza
9,mcc
9,mge
9,miy
9,mjo
9,moq
9,mpc
9,mta
9,mza
9,nij
9,ntj
9,nuu
9,nyr
9,ocd
9,oew
9,ohr
9,ooa
9,owu
9,oxm
9,oyr
9,oyt
9,pna
9,aac
9,aab
9,rgm
9,afb
9,rji
9,aih
9,ajj
9,rlf
9,akn
9,aom
9,aqs
9,rtj
9,atv
9,avl
9,ayy
9,baq
9,scs
9,sgl
9,bix
9,skh
9,bka
9,ssv
9,bsq
9,bva
9,byd
9,byn
8,cde
8,ckv
8,cso
8,cug
8,cuj
8,twu
8,twy
8,uau
8,udc
8,udp
8,ufg
8,dgo
8,uih
8,uiu
8,dhs
8,ujd
8,ulh
8,dmu
8,dnu
8,dnt
8,upn
8,doj
8,uqa
8,uqy
8,uun
8,dts
8,uvv
8,vaj
8,ebk
8,ebm
8,vle
8,vli
8,ekr
8,emt
8,esg
8,esr
8,esv
8,vun
8,vyn
8,vyw
8,exn
8,faa
8,fap
8,fbi
8,wdn
8,fcu
8,weh
8,wff
8,fek
8,ffg
8,fgh
8,wia
8,wiy
8,fip
8,wld
8,wlo
8,wpr
8,wsc
8,wsf
8,jk
8,fsp
8,ftg
8,ftr
8,qo
8,xai
8,xbe
8,xbi
8,gfr
8,ggh
8,xiu
8,gki
8,gnn
8,gpa
8,xso
8,xtl
8,gsc
8,xum
8,guc
8,xwa
8,xxe
8,xxi
8,gwh
8,gye
8,yav
8,ydd
8,yef
8,hhu
8,hjo
8,yoa
8,yoy
8,yoz
8,hph
8,yut
8,zaa
8,ibc
8,zeh
8,ikt
8,iky
8,imd
8,zoq
8,ipg
8,zra
8,irq
8,zug
8,isz
8,zyb
8,ixn
8,izl
8,jaj
8,jax
8,jed
8,jod
8,khl
8,khw
8,kmu
8,koj
8,ksg
8,kvi
8,kyf
8,lby
8,lkb
8,lkt
8,llk
8,luh
8,mcu
8,mgy
8,mry
8,muo
8,muq
8,mup
8,muu
8,myw
8,nnh
8,nuv
8,nyd
8,nyn
8,nzu
8,ogj
8,okf
8,okn
8,oow
8,opj
8,otk
8,ovk
8,oxg
8,oxp
8,oyh
8,pih
8,pka
8,pmu
8,psn
8,ptc
8,ptw
8,puj
8,qad
8,qah
8,qya
8,aaf
8,rcc
8,aew
8,afw
8,ajn
8,rlp
8,akc
8,aob
8,asr
8,ruj
8,atj
8,auq
8,avd
8,saj
8,siw
8,skt
8,sny
8,spb
8,bsk
8,bsm
8,bwh
8,bwi
8,syh
8,sze
8,szo
8,byg
7,cgo
7,ciq
7,tls
7,tuy
7,ctt
7,ctw
7,txa
7,cwa
7,tzn
7,uaj
7,dby
7,ugd
7,ugt
7,dka
7,uoh
7,usg
7,dtu
7,duj
7,uzy
7,dzu
7,vaq
7,vda
7,ebw
7,ecq
7,vek
7,edj
7,edk
7,vij
7,vni
7,vob
7,vtu
7,vud
7,ewk
7,vyh
7,vys
7,wcu
7,wdw
7,fdi
7,wgh
7,ffk
7,wix
7,fhy
7,wky
7,wtu
7,jl
7,jp
7,jt
7,ftf
7,fuh
7,fui
7,wwi
7,fwe
7,qw
7,vm
7,xbu
7,gby
7,gca
7,gch
7,gcr
7,gde
7,xfe
7,ggc
7,xla
7,gms
7,gny
7,gox
7,goz
7,gpe
7,gpu
7,xth
7,gsb
7,gsn
7,gsr
7,xup
7,xwi
7,xyq
7,yds
7,yfr
7,yif
7,yka
7,hja
7,ymt
7,hoq
7,ysr
7,hsl
7,yua
7,yub
7,yya
7,hwr
7,zbo
7,zcu
7,icm
7,idb
7,idv
7,ieq
7,iey
7,zik
7,iiu
7,zkr
7,zni
7,ioj
7,ioy
7,ipd
7,ipj
7,zst
7,ztr
7,zup
7,zyi
7,ixm
7,zzw
7,iyi
7,iyn
7,izv
7,jae
7,jep
7,jip
7,jja
7,jue
7,kax
7,kig
7,kij
7,kje
7,kkh
7,kkl
7,kyj
7,lbs
7,ldd
7,lkn
7,lku
7,lmw
7,lns
7,lpm
7,lsb
7,luj
7,luq
7,luy
7,mbc
7,mbw
7,mcd
7,mej
7,mke
7,mnl
7,msd
7,msw
7,naj
7,nby
7,ndz
7,nkc
7,nkg
7,npy
7,nux
7,nuy
7,nyf
7,nyg
7,nyu
7,oaq
7,ocq
7,oee
7,oiv
7,okc
7,okd
7,omk
7,ovr
7,ovv
7,oyw
7,pgo
7,piy
7,pva
7,pwh
7,pyb
7,pyd
7,pys
7,pzo
7,qan
7,qiy
7,qqa
7,qub
7,rbb
7,aah
7,abf
7,rdv
7,rgn
7,afd
7,afc
7,afy
7,ahh
7,ahg
7,ahz
7,rkd
7,ajd
7,ajw
7,akg
7,rmm
7,rsd
7,rsf
7,rss
7,rtp
7,avg
7,axc
7,axh
7,axu
7,azm
7,bcy
7,bja
7,smr
7,ssg
7,sss
7,suy
7,bts
7,cbl
7,cbo
6,tdw
6,ceq
6,tgn
6,chz
6,cix
6,ckq
6,tmy
6,cpo
6,tsg
6,ttf
6,ttm
6,tuq
6,cuk
6,tzc
6,tzl
6,uaq
6,ubk
6,ubz
6,udt
6,ddf
6,ufu
6,dhr
6,umj
6,umq
6,doq
6,dph
6,dpu
6,usr
6,dsq
6,dsy
6,duh
6,uwe
6,uxb
6,uxm
6,dwh
6,dzh
6,eaq
6,vej
6,ecz
6,efp
6,egf
6,eht
6,eiu
6,emr
6,eoo
6,eoy
6,epk
6,vru
6,etg
6,etv
6,vyl
6,ezr
6,ezv
6,waj
6,wce
6,fch
6,wev
6,wez
6,wfy
6,fep
6,wge
6,fii
6,wkb
6,fiu
6,wll
6,fna
6,fz
6,wsg
6,wsr
6,wuf
6,kq
6,mq
6,fyt
6,qd
6,xaf
6,vh
6,xba
6,gcu
6,zf
6,gdu
6,xfl
6,geq
6,ggb
6,ggm
6,gih
6,gke
6,xou
6,xoz
6,gok
6,gwy
6,xyi
6,xyo
6,yaq
6,ydy
6,yek
6,yev
6,yil
6,yjo
6,ylf
6,hmy
6,yrc
6,yrp
6,ysf
6,hrl
6,hsk
6,yuh
6,yuv
6,yuz
6,htt
6,yvn
6,hyz
6,hza
6,hze
6,hzo
6,ibg
6,zdi
6,iej
6,ieo
6,zha
6,zhu
6,igj
6,ziq
6,ihs
6,iim
6,zla
6,ikn
6,imk
6,ioq
6,itd
6,zut
6,zve
6,zvo
6,iuc
6,ivl
6,ivs
6,ixu
6,zzk
6,iyy
6,izb
6,izd
6,jaq
6,jei
6,jha
6,jma
6,jom
6,jwa
6,kge
6,kgi
6,khy
6,kqu
6,kts
6,kui
6,kuh
6,kuz
6,kyh
6,lck
6,lmc
6,loj
6,lzo
6,mbk
6,mgi
6,mgo
6,mgr
6,mje
6,mnn
6,mqu
6,msb
6,msg
6,mtu
6,myb
6,nkd
6,oah
6,obg
6,oej
6,oip
6,oix
6,otj
6,oxv
6,paf
6,pcy
6,pfs
6,piw
6,ppp
6,qli
6,qur
6,qut
6,acb
6,acg
6,rfc
6,rfh
6,rfy
6,ahv
6,ajp
6,rlh
6,rlm
6,akp
6,rnk
6,aoe
6,aoh
6,auu
6,rwu
6,awu
6,awz
6,ryr
6,rzy
6,azc
6,siy
6,bke
6,boj
6,bpy
6,ssk
6,stj
6,stk
6,syk
6,byb
6,cba
5,cgy
5,tkn
5,tko
5,tku
5,cll
5,tnt
5,cmd
5,cna
5,trh
5,trp
5,crc
5,csp
5,cuy
5,cwt
5,tzb
5,cyi
5,uaa
5,dce
5,dcy
5,ddn
5,ugy
5,ukb
5,ukd
5,unx
5,uoa
5,uog
5,uox
5,uoz
5,upj
5,upz
5,uqs
5,uur
5,uvy
5,dux
5,uwi
5,duy
5,dwu
5,dwy
5,dyu
5,vao
5,ebh
5,ecg
5,vez
5,efc
5,efn
5,vih
5,eih
5,vkh
5,ekd
5,vsh
5,esz
5,evl
5,eyv
5,wci
5,wcl
5,fbl
5,fbr
5,wdf
5,wec
5,wek
5,wex
5,wgl
5,fgo
5,wjo
5,fiq
5,fjo
5,wlb
5,wlf
5,wln
5,wlw
5,bx
5,wms
5,wno
5,wnz
5,woi
5,fni
5,fof
5,foz
5,fpi
5,gq
5,wtc
5,wtr
5,jc
5,wty
5,jz
5,ftu
5,ftt
5,kz
5,fuj
5,wyd
5,wys
5,wyt
5,wyv
5,wza
5,fyd
5,fye
5,xak
5,vz
5,wq
5,gbl
5,xk
5,xeb
5,xee
5,xeq
5,xey
5,gez
5,ggw
5,xix
5,xov
5,gnp
5,grr
5,gtu
5,xyf
5,gyd
5,gyg
5,gys
5,gyu
5,gyw
5,yaa
5,yby
5,yex
5,yib
5,hhy
5,hiw
5,yln
5,ylr
5,hko
5,ymc
5,ymr
5,hlh
5,ynb
5,hlr
5,hmp
5,yoj
5,yrd
5,ysd
5,hrm
5,yts
5,yud
5,zbi
5,iaa
5,iaq
5,zde
5,icg
5,idk
5,ziu
5,iii
5,ijk
5,zmo
5,zna
5,imh
5,iqi
5,iqs
5,iqv
5,zte
5,zud
5,zuf
5,zue
5,iud
5,zwe
5,ixp
5,ixs
5,zzu
5,izg
5,izr
5,jao
5,jev
5,jif
5,jiq
5,kdi
5,kdu
5,kej
5,kex
5,khr
5,kky
5,krs
5,ksd
5,ksf
5,kty
5,kuj
5,kvu
5,kyc
5,kyk
5,lfn
5,lkc
5,lkv
5,lll
5,llv
5,lmf
5,lmg
5,lmn
5,lpn
5,lpw
5,lsf
5,lsg
5,lsn
5,luz
5,mcg
5,mfs
5,mhu
5,mms
5,mny
5,mru
5,mts
5,muw
5,ncm
5,nfy
5,nhw
5,npn
5,nzb
5,nzd
5,nzh
5,nzp
5,nzt
5,oao
5,ocm
5,odj
5,oii
5,omg
5,omz
5,ouy
5,oxx
5,oyg
5,ozh
5,ozu
5,pde
5,peq
5,pgl
5,php
5,pjo
5,pnu
5,psf
5,pss
5,ptf
5,puh
5,pvi
5,pvo
5,pym
5,qas
5,qat
5,qaw
5,qee
5,qer
5,qid
5,qud
5,rbh
5,adq
5,aeh
5,aek
5,aex
5,afk
5,ahc
5,aiu
5,rkg
5,ajm
5,rlc
5,ajz
5,rmg
5,rmr
5,alx
5,amv
5,rpm
5,aow
5,aoz
5,rrg
5,rrl
5,rsb
5,rtd
5,asv
5,ruu
5,ruy
5,avn
5,rzb
5,axs
5,sdy
5,bgi
5,sij
5,biw
5,suj
5,suu
5,sux
5,btw
5,bty
4,cda
4,cej
4,cez
4,thk
4,thv
4,cgu
4,tpy
4,cpt
4,ttc
4,ttj
4,csa
4,ttp
4,csc
4,ctd
4,tuv
4,txi
4,txo
4,tyj
4,cyw
4,cyx
4,udj
4,ddm
4,ugp
4,ugz
4,uhk
4,uho
4,uij
4,ukp
4,ulq
4,dko
4,dlm
4,dls
4,uov
4,uqd
4,uqi
4,usz
4,dsf
4,uul
4,uvl
4,uvo
4,uvs
4,duq
4,uxh
4,uyn
4,dyv
4,vaf
4,eao
4,veq
4,eee
4,vga
4,eeu
4,efm
4,egp
4,egt
4,eiy
4,vlo
4,ekf
4,vme
4,voa
4,vof
4,eqe
4,vta
4,vvo
4,evz
4,vyb
4,exb
4,vyu
4,vyz
4,vzo
4,eyk
4,eyu
4,ezm
4,ezq
4,waq
4,faj
4,wby
4,fao
4,fbu
4,wdg
4,fci
4,fda
4,fej
4,ffd
4,wiw
4,wju
4,cj
4,cv
4,wnv
4,woy
4,fv
4,fpa
4,wqu
4,fpu
4,gx
4,wsd
4,jb
4,ftc
4,wwr
4,wyk
4,wyr
4,wzy
4,fyk
4,fym
4,pq
4,vb
4,xax
4,vw
4,xbr
4,wv
4,xcy
4,gcl
4,xeu
4,zj
4,zq
4,xfu
4,gex
4,xgo
4,xke
4,gji
4,gkl
4,xna
4,gnc
4,goj
4,xsw
4,gsy
4,gvi
4,gxi
4,gzi
4,gzw
4,hfr
4,yhu
4,yiv
4,yji
4,ykl
4,ylz
4,hkn
4,yml
4,hll
4,ynh
4,ynp
4,ynr
4,hmn
4,yrb
4,hsu
4,htk
4,htv
4,huu
4,hwy
4,hyv
4,zaq
4,zav
4,zau
4,zbe
4,zbu
4,iaw
4,zdo
4,icf
4,zeg
4,zfe
4,zhi
4,igp
4,ihl
4,ihr
4,ijr
4,ijs
4,ikd
4,ilq
4,zne
4,imv
4,zph
4,zqu
4,zro
4,iue
4,iuj
4,zwo
4,zya
4,zyt
4,zyw
4,zyz
4,zzm
4,izk
4,jaf
4,jeg
4,jeq
4,jho
4,jks
4,jli
4,jop
4,jst
4,juz
4,jyn
4,kcu
4,kde
4,khd
4,khz
4,kny
4,kuv
4,kuy
4,kwu
4,ldv
4,lfk
4,lfy
4,lje
4,lny
4,lss
4,ltg
4,ltt
4,lvy
4,lzh
4,mbb
4,mbt
4,mcw
4,meq
4,mhi
4,mkh
4,mku
4,mmm
4,mnd
4,mnw
4,mpd
4,msf
4,mss
4,mua
4,mub
4,muy
4,mux
4,myj
4,mym
4,mzi
4,ngx
4,ngz
4,npf
4,nqi
4,nuh
4,nww
4,nxt
4,obp
4,obz
4,ofm
4,oih
4,okp
4,onx
4,opv
4,osf
4,otx
4,owv
4,oyk
4,pdu
4,phh
4,ppt
4,ptm
4,puu
4,pwn
4,qag
4,qai
4,qar
4,qda
4,qed
4,qia
4,qib
4,qir
4,qwe
4,rbt
4,rbw
4,rcg
4,rcm
4,abg
4,abz
4,rfp
4,rfw
4,rgg
4,aez
4,afm
4,rhm
4,rhs
4,ahj
4,rkc
4,aix
4,rnv
4,aog
4,rpw
4,aok
4,aov
4,rrn
4,aqe
4,aql
4,rtv
4,asz
4,rvl
4,rvs
4,auo
4,auy
4,avc
4,axg
4,rzs
4,ayz
4,bcd
4,sgn
4,bgy
4,siq
4,sji
4,skb
4,bji
4,bku
4,snt
4,soq
4,spf
4,ssj
4,brh
4,stz
4,bsw
4,suh
4,suw
4,buj
4,buv
4,swh
4,syg
4,sza
4,szt
4,byf
4,byk
4,bzo
4,tbs
3,tdy
3,cct
3,cfl
3,cij
3,ciw
3,tll
3,tps
3,cpa
3,cpl
3,trd
3,cpu
3,trs
3,crw
3,ttt
3,csh
3,tuh
3,ctg
3,ctz
3,tww
3,cwe
3,tzm
3,uao
3,daj
3,ddb
3,ufh
3,ufy
3,uhs
3,dgh
3,uii
3,dhj
3,dhv
3,ujr
3,ujt
3,ukm
3,dkh
3,uok
3,dny
3,usv
3,dsg
3,uua
3,uud
3,uuk
3,dty
3,uwo
3,uxg
3,uxy
3,uyd
3,uzb
3,uzk
3,vaz
3,eay
3,vci
3,vdo
3,eeo
3,efw
3,vki
3,ekm
3,vne
3,emh
3,voq
3,voz
3,eqa
3,vry
3,vui
3,vuv
3,evd
3,evh
3,vye
3,exv
3,ezh
3,wfs
3,wgo
3,wgs
3,whs
3,fge
3,fgr
3,wkl
3,fja
3,fje
3,wlp
3,wlr
3,fka
3,wmr
3,fln
3,wnu
3,fmo
3,woh
3,fnu
3,wph
3,fok
3,fx
3,fpl
3,fpo
3,fps
3,wrs
3,frs
3,fsb
3,fsu
3,jv
3,wve
3,fuk
3,fuv
3,fuy
3,fve
3,fyr
3,qf
3,qh
3,xav
3,vp
3,xbl
3,xde
3,xz
3,xek
3,gdr
3,ggf
3,ggn
3,xih
3,gik
3,gje
3,xlo
3,gku
3,xmo
3,xoh
3,xph
3,gnw
3,xro
3,xsk
3,xsp
3,gsd
3,gsf
3,xuc
3,gva
3,xxo
3,xyk
3,xyz
3,xzo
3,gyc
3,yfs
3,ygh
3,ygs
3,hgl
3,ykh
3,yks
3,yku
3,hje
3,hji
3,ylq
3,hkh
3,hlb
3,hnd
3,hrz
3,hsd
3,yue
3,htd
3,huo
3,hwu
3,yyo
3,yyu
3,yzw
3,yzz
3,hyw
3,zax
3,zay
3,zbr
3,zch
3,ibk
3,ibm
3,icb
3,zdu
3,zeq
3,zev
3,idz
3,iee
3,ifd
3,ifn
3,zhn
3,zii
3,ziv
3,ziy
3,ihn
3,iic
3,iip
3,zko
3,ijd
3,ijj
3,ijn
3,ijm
3,ijw
3,ikb
3,zme
3,ilj
3,img
3,zsa
3,iqt
3,irj
3,zta
3,zth
3,ztl
3,zto
3,zuh
3,zuo
3,iub
3,iuq
3,iuv
3,ivd
3,ivn
3,zyd
3,iwu
3,zyh
3,iwy
3,ixb
3,zyr
3,ixd
3,ixf
3,ixh
3,zzg
3,zzs
3,zzt
3,izn
3,izw
3,jba
3,jdu
3,jni
3,jnh
3,joj
3,joz
3,jpu
3,jta
3,juf
3,kci
3,ksv
3,kuu
3,kvo
3,kza
3,lfg
3,lkd
3,lkg
3,lkr
3,llj
3,lmb
3,lmh
3,lmp
3,lqe
3,ltd
3,ltj
3,luw
3,mdt
3,mhy
3,mju
3,mmh
3,mmk
3,mmr
3,mpg
3,mtm
3,myk
3,myp
3,ngq
3,nhs
3,nnw
3,nsj
3,ntv
3,nuq
3,nyk
3,oaa
3,oaw
3,obk
3,ocb
3,ofp
3,ofw
3,ojk
3,okv
3,omv
3,osr
3,osz
3,otq
3,ovn
3,owq
3,oxd
3,oxn
3,oxr
3,ozn
3,pci
3,pev
3,pfx
3,phw
3,pij
3,pqu
3,ptb
3,ptd
3,pyj
3,pyp
3,pyu
3,qaz
3,qqi
3,qrs
3,qsa
3,qun
3,qus
3,qva
3,qve
3,aaa
3,aae
3,rcd
3,aaz
3,abv
3,acf
3,rfd
3,rfg
3,rfn
3,aej
3,rgf
3,afh
3,rgw
3,agc
3,agk
3,ahk
3,rkk
3,ajb
3,ajl
3,rll
3,rpb
3,aof
3,rrr
3,ruw
3,avt
3,axf
3,axn
3,rzu
3,ayk
3,azg
3,azn
3,scf
3,bdl
3,bgu
3,skp
3,sll
3,sls
3,bks
3,bld
3,boq
3,bps
3,suq
3,btm
3,buq
3,buu
3,bwr
3,syv
3,szk
3,bzi
3,bzy
3,tby
2,ccb
2,ccw
2,cdi
2,cfa
2,cfh
2,cfm
2,cfu
2,cih
2,tkh
2,cje
2,cjo
2,tmh
2,tmj
2,ckz
2,tmm
2,clc
2,cmn
2,cmu
2,tpk
2,cpi
2,trc
2,cpr
2,trl
2,trt
2,tsr
2,crf
2,crl
2,crn
2,csm
2,csl
2,ctp
2,tvy
2,cuh
2,cux
2,cvi
2,cwi
2,cwm
2,cwr
2,tyq
2,tyu
2,tyz
2,tzf
2,tzh
2,tzr
2,cyh
2,cyk
2,cyz
2,uax
2,ucn
2,dcb
2,udv
2,uex
2,ddk
2,ufb
2,ugc
2,dff
2,dft
2,uhn
2,uhp
2,uhq
2,uht
2,uhw
2,uhy
2,dgk
2,dhd
2,uiw
2,uiy
2,dhh
2,dhp
2,ukw
2,ulx
2,dlc
2,uqt
2,usj
2,drd
2,dsr
2,uuc
2,uut
2,uuz
2,uvn
2,uws
2,uwu
2,uxw
2,uxz
2,uyc
2,uyb
2,uyg
2,uyk
2,uzj
2,uzm
2,uzv
2,dyz
2,vba
2,vca
2,ebn
2,ebp
2,ebz
2,ecm
2,edq
2,vgo
2,efb
2,efh
2,vha
2,efq
2,vhe
2,egc
2,egj
2,egv
2,viy
2,vjo
2,vka
2,ejd
2,ejl
2,ejr
2,vlt
2,ekg
2,vly
2,ekv
2,vno
2,vny
2,voh
2,emz
2,vqu
2,eqb
2,eqw
2,vsi
2,vst
2,vss
2,esj
2,vuc
2,vuz
2,vva
2,vvl
2,vvu
2,vwa
2,evk
2,vyd
2,vyg
2,exg
2,exk
2,exw
2,ezb
2,ezk
2,wbs
2,wbw
2,wdt
2,fce
2,fcy
2,wej
2,fdn
2,fdu
2,wfn
2,wgu
2,whr
2,fgi
2,wih
2,wja
2,fih
2,fij
2,wkf
2,wkm
2,wlh
2,fke
2,fko
2,flc
2,fld
2,fmi
2,dx
2,wox
2,woz
2,wpy
2,foq
2,fq
2,fqu
2,wsj
2,wsn
2,wsv
2,wsz
2,jg
2,fsm
2,wuc
2,wug
2,wuk
2,ftd
2,wux
2,ftk
2,fuq
2,wwh
2,wwu
2,mx
2,wyg
2,wyh
2,wyo
2,wzl
2,fyc
2,fyf
2,fyn
2,fyp
2,fys
2,fze
2,qb
2,qn
2,qp
2,xaj
2,xaw
2,vj
2,vq
2,xby
2,gaq
2,gbr
2,xdo
2,xdr
2,gce
2,xdu
2,xep
2,gdt
2,gds
2,gdw
2,xgl
2,xgu
2,xhl
2,ggp
2,xiw
2,ghk
2,ghv
2,gij
2,giq
2,giy
2,gjo
2,glh
2,xno
2,xok
2,gnb
2,gnh
2,xoy
2,xps
2,xpt
2,gph
2,xre
2,gps
2,xri
2,gqi
2,xsl
2,grh
2,xtf
2,grz
2,xtn
2,xtp
2,gsg
2,gss
2,gty
2,guq
2,gyz
2,ycc
2,yck
2,ydb
2,ydl
2,hci
2,hdh
2,hdn
2,hds
2,yft
2,ygg
2,yig
2,yij
2,yje
2,ykr
2,ykt
2,yky
2,hkf
2,ylx
2,ymg
2,ymk
2,ynf
2,hlw
2,ynz
2,hnb
2,hng
2,ypc
2,hpf
2,yrf
2,hqa
2,yrv
2,ysq
2,hrd
2,hrw
2,yuf
2,hsy
2,yuq
2,yuu
2,hux
2,ywk
2,ywn
2,ywu
2,ywy
2,yxy
2,yye
2,yyi
2,yzg
2,hyf
2,hyk
2,zaj
2,zao
2,iaj
2,zce
2,zco
2,ibf
2,ibt
2,zds
2,zdy
2,zex
2,zez
2,zfl
2,zgo
2,zhb
2,zhd
2,zhy
2,ihd
2,zje
2,iht
2,zji
2,iik
2,iil
2,iir
2,iiw
2,zkn
2,ijt
2,ijy
2,ikj
2,zms
2,zov
2,zow
2,zoz
2,zpr
2,zpy
2,ipv
2,zri
2,iqh
2,iqr
2,zsl
2,zsk
2,irz
2,zui
2,itv
2,iua
2,iuh
2,iuu
2,ivh
2,ivm
2,iwb
2,iww
2,zyn
2,zyp
2,zys
2,zyv
2,zyx
2,ixg
2,zzc
2,ixw
2,zzp
2,iyk
2,zzz
2,izj
2,izt
2,izs
2,jct
2,jde
2,jdh
2,jey
2,jhe
2,jhi
2,jiy
2,jje
2,jka
2,jmo
2,jpo
2,jpr
2,jre
2,jri
2,jti
2,jva
2,jwi
2,jwo
2,jyo
2,jzo
2,jzu
2,kgl
2,khc
2,khf
2,kkw
2,kpw
2,kpy
2,ksr
2,ktz
2,kyg
2,kyq
2,kzo
2,lbv
2,lcm
2,lgj
2,lhl
2,lju
2,lkp
2,lmd
2,lmt
2,lnb
2,lnd
2,lnm
2,lnr
2,lpb
2,lpd
2,lqs
2,lrh
2,lsv
2,luu
2,lwu
2,lxa
2,lxe
2,lyq
2,mcj
2,mcm
2,mct
2,mdg
2,mdn
2,mds
2,mfd
2,mfy
2,mgh
2,mhp
2,mji
2,mko
2,mkt
2,mmf
2,mnb
2,mpj
2,mrd
2,mrt
2,mtg
2,mtk
2,mty
2,mvu
2,mwr
2,myh
2,mzu
2,ncb
2,ncn
2,ncw
2,ndq
2,nff
2,njy
2,nkj
2,nmp
2,nnb
2,nnk
2,nnm
2,nnn
2,nqa
2,nqs
2,nrr
2,ntx
2,nvn
2,nxl
2,nxr
2,nyj
2,nzf
2,nzk
2,nzn
2,odv
2,ofh
2,ogv
2,ohj
2,ohp
2,ohw
2,oiw
2,ojd
2,olj
2,olx
2,omj
2,ooo
2,opz
2,orx
2,osd
2,osv
2,otv
2,ouo
2,ouu
2,ovt
2,oxk
2,pbb
2,pby
2,pbx
2,pce
2,pff
2,pfn
2,pge
2,pgn
2,phd
2,pkg
2,plf
2,pmt
2,pny
2,poq
2,ppb
2,ppd
2,ppk
2,ppm
2,ppv
2,prs
2,psb
2,psq
2,puq
2,pux
2,pve
2,pza
2,qaa
2,qaf
2,qaj
2,qam
2,qap
2,qba
2,qel
2,qep
2,qig
2,qih
2,qim
2,qil
2,qiq
2,qip
2,qis
2,qit
2,qiv
2,qon
2,qop
2,qor
2,qqu
2,qra
2,qsh
2,qsu
2,quh
2,qul
2,qwa
2,rbf
2,rbm
2,rbn
2,rcj
2,abp
2,acp
2,acw
2,acv
2,acz
2,rfv
2,aey
2,rgt
2,rgv
2,agv
2,ahb
2,ahp
2,ajs
2,ajv
2,rlk
2,rmd
2,akv
2,akz
2,rmk
2,rpp
2,aoq
2,rqa
2,rrb
2,rrf
2,rrt
2,rrw
2,aqf
2,aqo
2,aqr
2,aqt
2,aqw
2,rtk
2,asj
2,rvq
2,rwd
2,avb
2,rwt
2,rww
2,avj
2,rwy
2,avm
2,rxa
2,avw
2,rxo
2,awq
2,ryj
2,rzl
2,rzt
2,ayj
2,azp
2,sbs
2,sct
2,bbt
2,bds
2,bdw
2,sgd
2,shq
2,skg
2,skj
2,slt
2,bkg
2,bkp
2,smh
2,sml
2,smn
2,smp
2,blk
2,bls
2,sns
2,bmh
2,spg
2,spt
2,sqt
2,ssq
2,brd
2,brr
2,stq
2,bsf
2,stx
2,bss
2,svc
2,swy
2,syj
2,byu
2,byx
2,bza
2,tbb
2,tck
2,cbi
2,cbr
2,cbu
2,tdh
1,ccc
1,cck
1,ccm
1,cdf
1,cdg
1,cdr
1,cds
1,tfd
1,cdu
1,tff
1,cfd
1,tgt
1,cfi
1,cfo
1,cfs
1,cge
1,cgi
1,cgm
1,cgs
1,chj
1,tjc
1,tkt
1,tks
1,tlg
1,tln
1,tlr
1,ckx
1,clk
1,cln
1,clr
1,tnc
1,tng
1,tnl
1,tnp
1,tnr
1,cml
1,cmy
1,cnt
1,tpd
1,cnu
1,tpf
1,tpm
1,tpn
1,cpd
1,cpe
1,cpn
1,cpm
1,cps
1,trf
1,trn
1,tsj
1,tss
1,crp
1,ttb
1,crt
1,crs
1,ttd
1,ttg
1,crz
1,csk
1,csn
1,csw
1,csy
1,ctc
1,tuw
1,ctk
1,twp
1,cvr
1,txt
1,txy
1,cws
1,cxo
1,cyu
1,czi
1,czk
1,ubx
1,ucb
1,ucd
1,ucg
1,ucp
1,dbh
1,dbk
1,dbm
1,dbw
1,dci
1,ueq
1,ddd
1,ufc
1,ddt
1,ufk
1,ufn
1,ufw
1,ugk
1,uhd
1,uhh
1,uhg
1,uhm
1,uhx
1,dgs
1,dgw
1,dhk
1,ujj
1,ujy
1,ukc
1,ukg
1,ukj
1,djs
1,djt
1,djy
1,dkf
1,dkg
1,dkl
1,dkm
1,dks
1,dld
1,umz
1,dlr
1,dlv
1,dmp
1,dmr
1,uoq
1,dnc
1,uow
1,dnj
1,dnl
1,upq
1,uqq
1,dpt
1,dqr
1,drc
1,drm
1,uub
1,dtd
1,dtl
1,uwb
1,duz
1,uwl
1,dvd
1,dvt
1,uxl
1,uxr
1,uxs
1,dwl
1,dwt
1,uyh
1,uyw
1,uzc
1,dxt
1,uzw
1,dyx
1,vbe
1,eaa
1,vce
1,vch
1,ebg
1,vdi
1,vdp
1,vds
1,ecw
1,vgh
1,vgs
1,efg
1,efz
1,vho
1,egd
1,egk
1,egq
1,ehb
1,viq
1,ehh
1,ehg
1,ehk
1,ehw
1,eiq
1,vkt
1,vld
1,vll
1,ekc
1,vls
1,ekj
1,vma
1,vmi
1,vms
1,vns
1,emg
1,emj
1,voj
1,vpr
1,epq
1,vrb
1,eqd
1,eqf
1,eqi
1,eqq
1,vsb
1,eqp
1,eqs
1,eqr
1,erx
1,vts
1,euw
1,evb
1,evc
1,vws
1,evg
1,evm
1,evw
1,vyf
1,vyr
1,vyy
1,exx
1,exz
1,vzu
1,eyj
1,eyy
1,eyx
1,ezg
1,ezn
1,ezp
1,wcy
1,fcp
1,fcr
1,fcs
1,weo
1,fde
1,wew
1,fdt
1,wfr
1,wft
1,whf
1,wii
1,wjc
1,fhu
1,wkh
1,wkr
1,wlg
1,wlm
1,wlt
1,wlu
1,fkl
1,wmb
1,fku
1,wmk
1,fky
1,wmm
1,flb
1,flh
1,fll
1,flr
1,cx
1,fmt
1,fmu
1,woj
1,fny
1,wpm
1,wqa
1,fph
1,fpm
1,wrd
1,wrn
1,hx
1,frd
1,frt
1,frw
1,wtw
1,fso
1,wuj
1,wuw
1,wvi
1,kx
1,fua
1,fwd
1,wyb
1,fwu
1,wyf
1,wym
1,wyp
1,fyo
1,fyw
1,px
1,fzi
1,qg
1,qm
1,xct
1,xda
1,gcd
1,gcy
1,xfa
1,gdy
1,xgi
1,xgr
1,xhb
1,ggd
1,xhy
1,xiq
1,ghz
1,xki
1,xls
1,xlu
1,gkh
1,gkn
1,gkr
1,xmi
1,glb
1,gld
1,glm
1,glt
1,gmh
1,gml
1,gmt
1,gnd
1,gnr
1,xpd
1,xpw
1,xpy
1,goq
1,gpd
1,gpc
1,gpm
1,gpy
1,xru
1,xrx
1,gqo
1,gqu
1,gqt
1,grd
1,grf
1,grn
1,grp
1,grs
1,xtd
1,xtg
1,grx
1,xtm
1,xue
1,gtb
1,gtd
1,gtc
1,xva
1,gtt
1,gtz
1,gvn
1,xxv
1,xxx
1,xyw
1,ycs
1,hbn
1,hby
1,hcb
1,hcf
1,hdb
1,hdk
1,hdl
1,hdq
1,hdw
1,yfk
1,yfz
1,hfs
1,yhn
1,yhm
1,yht
1,yhw
1,hgm
1,hgt
1,hgw
1,hhd
1,yiy
1,hhh
1,ykj
1,hjn
1,hku
1,ymh
1,hky
1,hld
1,hlq
1,hlt
1,ynl
1,ynw
1,hmg
1,hml
1,yoq
1,hnf
1,hnh
1,hnk
1,hnm
1,hnl
1,ypk
1,ypw
1,hps
1,hpt
1,hrb
1,ysv
1,ysz
1,hrj
1,hrr
1,ytl
1,ytm
1,hsf
1,hsg
1,ytw
1,hsn
1,hss
1,yui
1,hsw
1,yuj
1,yuy
1,yux
1,yvu
1,ywc
1,huq
1,ywd
1,hvh
1,hvr
1,hvy
1,hwt
1,hxi
1,yzs
1,yzu
1,hyy
1,hzy
1,zbs
1,zcl
1,ibd
1,zcz
1,ibz
1,zdr
1,icd
1,icz
1,zga
1,zgh
1,zgl
1,ifb
1,zhk
1,zhm
1,igk
1,zih
1,ihf
1,zix
1,ziw
1,ihp
1,iie
1,zke
1,iiz
1,ijb
1,ijh
1,zky
1,ijl
1,ijv
1,zls
1,zlu
1,ikw
1,zmi
1,ikz
1,zmu
1,znk
1,zno
1,imz
1,zpi
1,zpo
1,zre
1,ipz
1,zru
1,iqq
1,zti
1,zua
1,zuq
1,zuu
1,zuy
1,iug
1,iuk
1,ivt
1,ivw
1,ivz
1,iwf
1,iwr
1,zyc
1,izp
1,jbi
1,jcl
1,jdi
1,jds
1,jek
1,jex
1,jge
1,jhu
1,jhv
1,jii
1,jix
1,jjo
1,jjs
1,jju
1,jki
1,jle
1,jlk
1,jms
1,jnd
1,jng
1,jno
1,jnt
1,jof
1,jsa
1,jsc
1,juh
1,juw
1,juy
1,jve
1,jwe
1,jyl
1,jym
1,jyt
1,jza
1,kbn
1,kbp
1,kcy
1,kfs
1,kgd
1,kgf
1,kgs
1,kgw
1,khn
1,khp
1,khv
1,kln
1,klr
1,klv
1,kmv
1,kng
1,knj
1,kpc
1,kpt
1,krk
1,krn
1,krt
1,krz
1,ktg
1,ktt
1,ktw
1,kuo
1,kuw
1,kvl
1,kwy
1,kxi
1,lbf
1,lbw
1,lcd
1,lcg
1,lcw
1,ldk
1,ldq
1,ldx
1,lfv
1,lgt
1,lhb
1,lhd
1,lji
1,lkj
1,lkk
1,llq
1,lmj
1,lng
1,lnh
1,lnl
1,lnt
1,lqa
1,lqg
1,lqi
1,lqn
1,lsd
1,ltv
1,lvd
1,lvs
1,lvv
1,lwl
1,lwm
1,lwp
1,lxy
1,lxx
1,lzb
1,lzf
1,lzw
1,lzy
1,lzz
1,mcf
1,mck
1,mcn
1,mcp
1,mcy
1,mdl
1,mdm
1,mfg
1,mgd
1,mgt
1,mhg
1,mhm
1,mhr
1,mhs
1,mhz
1,mjl
1,mkj
1,mks
1,mky
1,mlx
1,mmb
1,mmd
1,mmp
1,mnc
1,mnt
1,mpq
1,mpv
1,mrg
1,mrp
1,mrr
1,mrs
1,mrx
1,msq
1,mtd
1,mtl
1,mtn
1,mtx
1,muv
1,mxd
1,mxn
1,mzl
1,mzy
1,nbb
1,nbd
1,nbg
1,ncc
1,ncg
1,ncp
1,nfd
1,nfs
1,nhn
1,njr
1,nkk
1,nkv
1,nlt
1,nmn
1,nnc
1,nng
1,npk
1,npt
1,nqe
1,nrg
1,nrl
1,nsz
1,ntk
1,nvt
1,nvv
1,nwy
1,nxm
1,nxs
1,nxw
1,nxy
1,nyv
1,nyz
1,nzs
1,oaj
1,ocz
1,oez
1,ofd
1,ofk
1,oht
1,ohv
1,oiy
1,ojn
1,ojp
1,okg
1,okj
1,olq
1,omx
1,oqi
1,oqs
1,osj
1,ovc
1,ovg
1,ovl
1,ovp
1,ozc
1,ozs
1,pbs
1,pcd
1,pcf
1,pcm
1,pct
1,pdl
1,pdn
1,pdq
1,pdt
1,pfc
1,pfd
1,pfg
1,pfk
1,phb
1,phg
1,phm
1,phz
1,pkt
1,pks
1,pku
1,pkw
1,plb
1,plj
1,plp
1,plt
1,pmk
1,pms
1,pnc
1,pnx
1,poj
1,ppn
1,prf
1,prl
1,prn
1,prp
1,psr
1,ptg
1,ptk
1,ptp
1,pvr
1,pvt
1,pwc
1,pwt
1,pwy
1,pyv
1,pzi
1,qaq
1,qau
1,qen
1,qfc
1,qfs
1,qgy
1,qhs
1,qle
1,qlu
1,qoh
1,qom
1,qpt
1,qqv
1,qrc
1,qrt
1,qsi
1,qtd
1,qti
1,qto
1,qtr
1,qts
1,qty
1,qum
1,quq
1,quv
1,quz
1,qvo
1,qwl
1,rbd
1,rbk
1,rcb
1,rcf
1,aau
1,aaw
1,rcn
1,rcp
1,rcv
1,acd
1,acx
1,rfz
1,rgk
1,rhb
1,rhd
1,afz
1,rhw
1,ahf
1,ajh
1,rlg
1,rlt
1,akj
1,aoj
1,aoo
1,aoy
1,aox
1,apg
1,apx
1,rrk
1,rrm
1,rsv
1,rsz
1,rtq
1,atx
1,rvk
1,rxy
1,axd
1,axk
1,rzn
1,rzr
1,azf
1,azk
1,azr
1,azs
1,sbb
1,scc
1,scm
1,scn
1,bbm
1,sdl
1,sdn
1,sds
1,bcf
1,bdf
1,sfd
1,bdt
1,sfm
1,sfz
1,sgh
1,sgm
1,sgy
1,shj
1,bgw
1,bhd
1,bhg
1,bhp
1,bhr
1,bjs
1,sld
1,bjr
1,slf
1,bkb
1,bkc
1,bkl
1,bkt
1,smd
1,smm
1,blm
1,bln
1,blv
1,bms
1,bmy
1,bnd
1,bnf
1,spc
1,spp
1,sqd
1,sqq
1,sqs
1,sqr
1,bpt
1,srs
1,sry
1,brl
1,brn
1,brs
1,bsb
1,bsd
1,bsn
1,bsv
1,svg
1,svp
1,svr
1,svu
1,swl
1,bvs
1,bvt
1,bwy
1,bxe
1,bxi
1,bxs
1,szc
1,szi
1,szl
1,szy
1,byy
1,bze
1,bzh
1,bzu
1,tbd
1,cbe
1,tcz
1,cbn
1,cbm
1,tdd
